ticker,date,q,texto
AAPL,"Oct 29, 2020, 5:00 p.m. ET",2020-Q4,"the reception that we've gotten so far, we're very confident there. Shannon Cross -- Cross Research -- Analyst OK, great. And then, can you talk a bit about just overall in the world -- the cadence that you see sort of for the 5G adoption launch? What you see will be sort of the key drivers? Obviously, there's a fair amount of subsidies going on in the U.S. at this point. Thank you. Tim Cook -- Chief Executive Officer Yeah, we're working hard to provide the best experience for our iPhone users. To do so, we've been collaborating closely with carriers all around the world to ensure iPhone has great throughput and coverage and battery and call quality. We've completed 5G testing so far on over 100 carriers, in over 30 regions. And so it's pretty pervasive around the world. But grantedly, it will continue to roll out in more places as carriers continue to expand their coverage, and this will happen every week. And so it's just going to get better. There are obvious places in the world where it's more ahead than in others, but we feel like we are entering at -- sort of at exactly the right time. Tejas Gala -- Senior Analyst, Corporate Finance, and Investor Relations Thanks, Shannon. Shannon Cross -- Cross Research -- Analyst Thank you. Tejas Gala -- Senior Analyst, Corporate Finance, and Investor Relations Thank yoyou. Can we have the next question, please? Operator That will be from Jeriel Ong with Deutsche Bank. Jeriel Ong -- Deutsche Bank -- Analyst Yes, thank you so much. I guess, I appreciate the guidance for revenues to grow. But I guess, my question, perhaps if I could, is relative to seasonality. You guys, over the last five years, your seasonality is typically up about 50% quarter on quarter. Do you think that you can beat that even with the later release? And I have a follow-up. Luca Maestri -- Chief Financial Officer So as I said, Jeriel, we're not providing a range for the reasons that I explained during my prepared remarks. So you need to keep in mind a couple of things that are unique about this quarter versus the past. And then, I mentioned again, the launch timing of the phones is different from the past. So we're launching the new iPhones four weeks into the quarter for two models, for the 12 and the 12 Pro; and seven weeks into the quarter for the other two, the iPhone mini and the 12 Pro Max. So that is something to keep in mind as you think about the growth rates. With regard to all the other product categories, as I said, we are expecting to grow double digits essentially across the board for the rest of our products and for services. And so we are incredibly optimistic about what we are seeing so far. Obviously, we started taking preorders five days ago, and so it's a bit early for the phone. But we think that there are a lot of tailwinds this year for iPhone, for the entire cycle, some of the comments that Tim has already made, right? We've got the best lineup of iPhones that we've ever had. We've got an installed base of iPhone that is very large, continues to grow. It's at an all-time high. Obviously, 5G is a once-in-a-decade opportunity. And as you've seen in some markets, certainly here in the United States, carrier offers are very aggressive. And so that is very good for consumers and ultimately very good for us. So very, very optimistic, given what we've seen so far. Jeriel Ong -- Deutsche Bank -- Analyst Awesome. Thank you so much for that context and giving us some of the levers to think about. I'd like to ask a little bit more of a strategic one, a little bit longer term in nature. I think the one thing that's interesting about the Apple One bundle is the desire to bundle in the first place. I guess, I'm wondering, and some investors have asked me this as well, is that why wouldn't you also take that rationale perhaps to hardware, perhaps maybe AirPods and iPhone or AirPods, Watch and iPhone? Because if it makes sense to bundle services, wouldn't it also make sense to bundle hardware? And if that's not the case, then are there benefits of services bundling that don't necessarily translate to h"
NVDA,"Nov 14, 2019, 5:30 p.m. ET",2019-Q3,"recently ventured into and we've been building this platform called EGX for some time. And it's cloud native, it's incredibly secure you can manage it from afar, it's -- the stack is complicated, its performance and we saw some, we've been working with some early adopters and this last quarter we announced some of them, Walmart and BMW and Procter & Gamble and the largest logistics company in the world USPS. And so this new platform, I think, long term will likely be the largest opportunity. And the reason for that is because that the industries that it serves Operator And your next question comes from the line of Harlan Sur with JPMorgan. Harlan Sur -- JPMorgan -- Analyst Good afternoon. Thanks for taking my question. There are a lot of concerns around China, trade tensions, economic slowdown, but history has shown that gamers tend to be less sensitive to these macro trends, and in fact, also somewhat insensitive to price changes, at least at the enthusiast level. So, given that China is such a big part of the gaming segment, can you just discuss the gaming demand trends out of this geography? Jensen Huang -- Founder, President and Chief Executive Officer Gaming is solid in China and is also the fastest adopter of our gaming notebooks. This gaming RTX notebooks or GeForce notebooks is really a brand new category. This category never existed before because we couldn't get the technology in there. So that it's both delightful to own as well as a powerful to enjoy. And so we saw a really great success with RTX notebooks and GeForce notebooks in China and RTX adoption has been fast your. Your comments makes sense because most of the games are free to play these days. The primary games that people play are eSports, which you want the best gear, but you could. And after you buy the gear you pretty much enjoy forever and mobile which is largely free to play, you invest in invest in some of your own personal outfits and after that I think you can enjoy for quite a long time. And so the gear is the gear is really important. One of the areas where we've done really great work, particularly in China has to do with social. We have this platform called GeForce Experience and as an extension of that there is a new feature called RTX Broadcast Engine, and it basically applies AI to broadcasting your content to share it, you could make movies, you could capture your favorite scenes and turn it into art applying AI and one of the coolest features is that you could overlay yourself on top of the game and share it with all the social networks without the green screen behind you. We use AI to stitch you out basically cut you out of the background. And irrespective of what noisy background you've got. And so, as you know, China is really a super hyper social community -- communities back there and they all kinds of really our core social platforms to share games, user-generated content and short videos and all kinds of things like that. And so GeForce has that one additional feature that really makes it successful. Harlan Sur -- JPMorgan -- Analyst Great. Thank you. Operator And your next question comes from the line of Toshiya Hari with Goldman Sachs. Toshiya Hari -- Goldman Sachs -- Analyst Hi, guys. Thanks for taking the question. I wanted to ask on automotive, Colette, in your prepared remarks you talked about your legacy infotainment business being down in the quarter. Just curious what percentage of automotive revenue at this point is legacy infotainment versus the newer AI/ADAS solutions. And more importantly, Jensen, if you can speak to the growth trajectory in automotive over the next year and a half maybe two that would be appreciated. And I do ask the question, because it feels like we've heard many, many announcements, customer announcements collaborative work that you're doing with customers. Yeah, we haven't quite seen sort of the hockey stick inflection that some of us were expecting a couple of years ago. So, just kind of curious when we should -- how we should set our expectations going forward. Thank you. Colette Kress --"
GOOGL,"Oct 26, 2021, 4:30 p.m. ET",2021-Q3,"ver the years? And what do you envision a hardware and software integrated Google meaning to the consumer over the longer term? And I guess, Philipp, if you look at some of the emerging and developing markets today, some of the companies there around the world have had to play multiple roles in helping to solve for transactional friction by rolling out payments, logistics and other solutions that we probably take for granted here in the States. So do you think Google should or could play a more expansive role in India and some of the other emerging markets to help accelerate the growth of e-commerce versus the role that you played in the U.S. and the West? Thanks. Sundar Pichai -- Chief Executive Officer Overall, hardware and computing, obviously, we have been doing this for a while now. If you look at the Google Tensor bet, these are multiyear bets, which finally play out and I couldn't be more excited that the reception for Pixel 6 and Google Tensor. And I think lays a good foundation of what we want to do in the future. We definitely have a long-term view on where computing is headed. We want to make sure and to innovate there, you have to think at the intersection of user experience, software and hardware. I think we have a unique perspective to bring a unique point of view with our AI-first approach and applying that to bring new features and new experiences. So we'll be doing it to push computing forward. We want to guide our ecosystem when we do well in a category, the whole ecosystem benefits from it. And finally, we are going to be doing this with a view toward building a sustainable business. And -- we see this as an important area, and we are investing with that viewpoint. And I'm really excited with what Google Tensor and the Pixel 6 team has been able to accomplish and just as a start. Philipp Schindler -- Senior Vice President/Chief Business Officer So on the second part of your question, look, every e-commerce experience is also payment experience. And friction checkout can take the joy out of a purchase. I think we've all been there. So think about Google Pay as a checkout facilitator. We want to make it even easier for consumers to access whatever payment method they really want credit card, PayPal, Shop Pay and so on and so on. And to the global nature of your question, 150 million people across 40 countries are now using Google Pay to manage transactions and stay on top of their finances. And millions of merchants are using it to provide their customers with a simple and safe way to check out and whether it's in store or online or via their app. So right now, we continue to be very focused on helping both merchants and financial institutions create more intuitive digital experiences and connect with our customers. In the U.S., we're partnering with merchants to surface, we call card-linked offers and coupons within Google Pay. And in August, we announced the partnership with Setu fintech company in India. That was a part your question to help uses open fixed deposit accounts directly from Google Pay. So we think there's much more that we can do for both consumers and our partners. So stay tuned on this one. Stephen Ju -- Credit Suisse -- Analyst Thank you. Operator Thank you. And that concludes our question-and-answer session. I'd like to turn the conference back over to Jim Friedland, for any closing remarks. James Friedland -- Director of Investor Relations Thanks, everyone, for joining us today. We look forward to speaking with you again on our fourth quarter 2021 call. Thank you, and have a good evening Operator [Operator Closing Remarks] Duration: 54 minutes Call participants: James Friedland -- Director of Investor Relations Sundar Pichai -- Chief Executive Officer Philipp Schindler -- Senior Vice President/Chief Business Officer Ruth Porat -- Senior Vice President and Chief Financial Officer Eric Sheridan -- Goldman Sachs -- Analyst Brenda -- Morgan Stanley -- Analyst Doug Anmuth -- JPMorgan -- Analyst Justin Post -- Bank of America -- Analyst Mark Mahaney -- ISI -- Analyst Brent Thill -- Jeffer"
GOOGL,"Apr 27, 2021, 5:00 p.m. ET",2021-Q1,"or the past four years, and we are working toward operating on carbon-free energy around the clock by 2030, a far more ambitious goal that we hope will be transformative for the industry. Five of our data centers in Europe and North America are already operating near or at 90% carbon-free energy around the clock. We are also working toward our commitment to help one billion people make more sustainable choices with our services by 2022. One example of how we are doing this is the new AI-powered feature in Maps that will show the route with the lowest carbon footprint when ETAs are the same. You'll also be able to compare the carbon impact between routes. Finally, as we look ahead to the rest of 2021, our four big themes continue to guide us: first, building and providing the most helpful products and services; second, continuing to earn the trust of our users by investing in high-quality information and keeping users' data safe and private; third, strong execution as a company, particularly as we start to reopen our offices; and fourth, building sustainable value in our own business and for our partners. As always, thank you to our Googlers around the world for a great start to the year. To everyone, I look forward to seeing you at IO. Over to Philipp. Philipp Schindler -- Chief Business Officer Thanks, Sundar, and good afternoon, everyone. It's great to be joining you again today. We're pleased with the strong growth in Google Services revenues in the first quarter. Year-on-year performance reflects elevated consumer online activity, broad-based strength in advertiser spend, and lapping of the initial impact of the pandemic on advertising revenues that began in March last year. In the first quarter in Search, we saw sustained strength across most categories led by retail. We also saw strong performance in tech and CPG. In YouTube, we had phenomenal growth driven by direct response followed by continued strength in brand. We've seen great momentum in TrueView for Action ads, with a number of advertisers using the format doubling over the past year. In Network, exceptional growth was driven by AdMob and Ad Manager with particular strength in app campaigns. Google Other revenues were driven by growth in Google Play and YouTube's non-advertising revenues, followed by hardware. I would now like to take a few minutes to dive deeper into the trends we're seeing in our business. As Sundar touched on earlier, the pandemic is evolving in different ways across the world. Some countries are in advanced stages of reopening, others are facing reacceleration of cases. And there is everything in between. It's never been more important to help businesses navigate the pandemic as circumstances change. On travel, we're starting to see renewed interest from users as they turn to Google to plan their next trip even before they're ready to book. Every travel partners looking to understand where demand is going and we are helping them to find these opportunities through insights and automation. For American Airlines, for example, that meant using our insight tools to anticipate demand on untapped routes. These newly prioritized routes had significantly higher booking rate in Search this quarter compared to last quarter. Also just last month, we made it free for hotels and travel companies to list their bookings links, similar to what we did with shopping last year. For consumers, it means more choice. For hotels and travel companies, it means free exposure on Google. For advertisers, it means paid campaigns can be augmented with free listings. We are already seeing positive results across the board. Let me switch gears now and talk about retail, where we had a very strong quarter. As you know, we've taken important steps over the past year to accelerate an open retail ecosystem. We made product listings free, removed commission fees and opened our shopping platform to Shopify and PayPal. We're also helping retailers with some key opportunities, such as innovating an omnichannel as the line between digital and physical retail continues to blur"
AMZN,"Feb 02, 2021, 5:30 p.m. ET",2020-Q4,"more strongly with Prime benefits in 2020, and we think that will have a lasting impact both from the purchase frequency amount they purchase, use of digital benefits, etc. So, we are going to have to build probably for multiple scenarios and any on this upsy world. It's hard to turn that capacity on quickly, so generally means you may have to overbuild to protect the customer experience. On transportation, we made large investments in our transportation network in 2020. With that work's not done yet. We have a lot of continued expansion. So, we see that over definitely through 2021. I can't quantify it right now. Only -- I'm only giving guidance through Q1 right now, and we are still working -- through some of the plans as we do this time of year. And then infrastructure will remain a healthy part of our investment as well. We're supporting aid of U.S. business that is growing at a rapid clip both in usage and in revenue. We're expanding regions globally and have a lot of upside in that area talking with customers on their transition plants to the cloud. So, we definitely do not want to run out of capacity, and we work to not do that. So there could be a risk of forwarding spend in 2021 due to uncertainty, but we'll see them, as we move through the year. Operator Our next question comes from Doug Anmuth with JP Morgan. Please, proceed with your question. Doug, your line is open. Please, proceed with your question. Doug Anmuth -- J.P. Morgan -- Analyst Sorry. I muted. I apologize. Brian, I hope you could talk more about the importance of AMC Yellow Amazon logistics during the holiday season. If you could talk more about the percentage of packages, perhaps shipped from your fulfillment centers, and then where this can go in the coming years. And then also a quick comment on the COVID costs, you mentioned $2 billion in 1Q. Just curious how you think about it more on a full-year basis with some of the puts and takes that can be there. Thanks. Brian Olsavsky -- Chief Financial Officer Yeah. So, yeah for the full year were again $11.5 billion was our gross cost for 2020, $4 billion of that in Q4. We see a step down to closer to $2 billion in Q1 that compares with a $600 million spent last Q1 as the pandemic just started and we start reacting in March and, obviously, this cost escalated in Q2 and Q3. So, if we look at the core components of that right you know there's productivity that a lot of productivity drags from hiring, so many new employees, and also having a physical separation. That gets better all the time. It was exasperated a bit in Q4 because of all the new hires that we brought on over 170,000 new people that should moderate. That's why one of the reasons that we were -- we see a step down in Q1 versus Q4 volume related and also mix of employees. After that we're going to see again, hopefully, the vaccine gets going. Everyone gets vaccinated and we return it to normalcy that would be very helpful on a lot of fronts for everybody. And if not, there'll be a continuation of some of these costs. I will say that while we are very transparent, I try to be on the costs that we're seeing specifically around COVID. There are some positive things happening that counteract a bit of that. That's the least of which is the top line volume. In 2020, we grew 37% and an FX-Neutral basis versus growing 22% in 2019. And the fact that we've been running pretty full out since arguably in April but definitely into May has created operating efficiencies of its own as a counterbalance to the physical separation and the training of new employees. So there's a lot of moving parts in here. We're able to save about a billion dollars in transportation costs this year, excuse me in 2020 as virtually all travel was shut down and our sales teams found new ways to reach customers. We'll see how that develops over time. Marketing although it got back to probably more healthy levels in Q3 and Q4, definitely was lower in Q2 as we work through some capacity issues and it wasn't fruitful to invest in marketing when you're having trouble hitting exis"
META,"Apr 27, 2022, 5:00 p.m. ET",2022-Q1,"portant, both for our mission and business comparable and value to the leading mobile platforms today. Now I recognize that it's expensive to build this. It's something that's never been built before. And it's a new paradigm for computing and social connection. So over the next several years, our goal from a financial perspective is to generate sufficient operating income growth from family of apps to fund the growth of investment in Reality Labs, while still growing our overall profitability. Now unfortunately, that's not going to happen in 2022, given the revenue headwinds. But longer term, that is our goal and our expectation. Of course, our priority remains building for the long term. So while we're currently building our plans to achieve this, it is possible that prolonged macroeconomic or business uncertainty could force us to trade off against shorter-term financial goals. But we remain confident in our long-term opportunities and growth. Now with that, I want to dive deeper on what we're seeing in three of our main investment priorities that I expect to drive this growth: Reels, ads, and the Metaverse. So let's start with Reels. There are two key trends that we're seeing here. First, the increasing popularity of short-form video; and second, the advancement of AI recommendations driving more of our feeds rather than just social content. On the first point, since I started Facebook 18 years ago, we've seen multiple shifts in the media types that people use. And we started as a website primarily with text, then people got phones with cameras and the main format became images on mobile apps. In the last several years, mobile networks have gotten faster and now video is the main way that people experience content online. Short-form video is the latest iteration of this, and it's growing very quickly. Reels already makes up more than 20% of the time that people spend on Instagram. Video overall makes up 50% of the time that people spend on Facebook and Reels has grown quickly there as well. The second point is that while we're experiencing an increase in short-form video, we're also seeing a major shift in Feeds from being almost exclusively curated by your social graph or follow graph to now having more of your feed recommended by AI, even if the content wasn't posted by a friend or someone you follow. Social content from friends and people and businesses you follow will continue being a lot of the most valuable, engaging, and differentiated content for our services, but now also being able to accurately recommend content from the whole universe that you don't follow directly, unlocks a large amount of interesting and useful videos and posts that you might have otherwise missed. Overall, I think about the AI that we're building not just as a recommendation system for short-form video, but as a discovery engine that can show you all of the most interesting content that people have shared across our systems. In Facebook, that includes not just video, but also text posts, links, group posts, reshares, and more, on Instagram that includes photos as well as video. In the future, I think that people will increasingly turn to AI-based discovery engines to entertain them, teach them things and connect them with people who share their interests. And I believe that our investments in AI, all the different types of content we support, and our work to build the best platform for creators to make a living will increasingly set our services apart from the rest of the industry and drive our success. And we're also finding that having an ambitious vision around building the world's discovery engine is attracting a lot of the most talented AI folks to work on this program. Next, let's talk about Ads. Sheryl will discuss this in more detail, but I want to highlight that this is also a large AI investment for us. There are three main trends to highlight in our Ads business right now. First, we're managing headwinds from the shift to short-form video that I just mentioned. In the near term, this is a drag on revenue because real monetiz"
NVDA,"Feb 24, 2021, 5:00 p.m. ET",2021-Q4,"t's a computer that is writing software. The way that you develop software is completely different, the way compute is different and that was our first phase and that started in the journey that was some eight, nine years ago now. The second phase was the adoption of using this in an industrial way for clouds and we strongly revolutionized these services whether it's speech oriented services or search oriented services, just recommender services, the way you shop, the way you use the Internet is completely different to and so that's really the second phase and those two phases are still continuing to grow and you're still seeing the growth associated with that. The third phase is the industrialization of AI and some of the great examples when I say kind of the smartphone moment, I meant that it's a device with AI, its autonomous and its connected to a cloud service and its continuously learning. So some of the exciting example that I saw -- that I've seen and we're working with, with companies all over the world, we have some 7,000 AI start-ups that we're working with and almost all of them are developing something like this and large industrial companies whether it's John Deere or Walmart, they are all developing applications kind of like this and basically it's an autonomous system, autonomous machine. In our case, it's called Jetson, it's a robotics machine. If that robotics machine is a car, then its called DRIVE and it's running an autonomous -- an AI application on top, an AI skill on top and it could be moving things around, it could be picking and placing, it could be just watching a warehouse and monitoring traffic and keeping traffic flow going. It could be connected to a car and whenever the car -- whenever the fleet of cars needs to be retrained because of the new circumstance that was discovered, the cloud service would do the relearning and then would deploy it into all of the autonomous devices. And so in the future we're seeing that these industries whether you're in retail or in logistics or transportation or farming, ag tech to lawnmowers -- consumer lawnmowers. They're not going to just be products that you buy and use from that point forward, but they will likely be a connected device with an AI service that runs on top of it and so these industries are so excited about it because it gives them an opportunity to change the way that they interact with their customers. Rather than selling something once, they sell something and provide a service that's on top of that and they could stay engaged with the customers. The customers could get a product that's improving all of the time just like your smartphone and that's kind of like -- that's kind of the reason, that's the reason why I've been calling it the smartphone moment for all these industries and we saw what happened to the smartphone revolution and then we saw what happened to the smart microphone, the smart speaker revolution. You're going to see smart lawnmowers, smart tractors, smart air conditioners, smart elevators, smart buildings, smart warehouses, robotic retail stores. The entire retail store is like a robot and they will all have autonomous capability, they'll all be driven by AI. And so what's new for the industry therefore is that all of the enterprises in the world used to have computers for IT to facilitate -- to host their employees and their supply chain, but in the future all of these industries whether you are in medical imaging or lawnmowers, you're going to have data centers that are hosting your products just like the CSPs and so that's a brand new industry and we have a platform that we call EGX, which is the 5G Edge AI systems and we have the autonomous system we call AGX, which is [Indecipherable] and between those two systems and the software stack that we have on top of it, we're in a great position to help these industries one at a time transform their business model from the object-oriented business model, a theme based business model to a connected device business model. Operator Your next question comes from the line o"
AAPL,"Jan 28, 2020, 5:00 p.m. ET",2020-Q1,"u view 5G capability in a handset? And what's your view as to what the killer app will be from a consumer perspective? Tim Cook -- Chief Executive Officer We don't comment on future products. And so, I'll try to sidestep a bit. With respect to 5G, I think it's -- we're in the early innings of its deployment on a global basis. We obviously couldn't be prouder of our lineup and is -- and are very excited about our pipeline as well and wouldn't trade our position for anybody. Tejas Gala -- Senior Analyst, Corporate Finance and Investor Relations Thanks, Katy. Can we have the next question please? Operator We'll hear from Kyle McNealy with Jefferies. Kyle McNealy -- Jefferies -- Analyst Hi, thanks a lot. So we're seeing some signs of new spectrum being deployed for 5G deployments and even additional 4G capacity, and it's already having a positive impact for handset upgrades to use that new capacity. Do you get the sense that wireless carriers are getting more incentivized to upgrade handsets to get leverage out of these new network investments? How much might this be helping and do you think it will continue to accelerate? Tim Cook -- Chief Executive Officer I think that we've had some great partners, not only in the US, but also around the world that was really helpful this quarter as partners. And so, I think probably a part of that is the level of investments they have and then a part of it is probably making sure that those customers stick with them in an environment where there's a lot of trading back and forth. So I'm optimistic that it will continue. Kyle McNealy -- Jefferies -- Analyst Okay, great. And then the comment that you made about capacity in your Wearables division with AirPods Pro and Apple Watch 3, what should we think about the timeline of when there is capacity constraints might be alleviated and will they come from capacity additions or the natural work out of kind of unit shipments and something on the demand side? Tim Cook -- Chief Executive Officer I'm hopeful that the Series 3 will come into balance during this quarter on AirPods Pro. I don't have an estimate for that for you. I just can't predict when at this point. We seem to be fairly substantially off there, and we're working very hard to put in additional capacity. Tejas Gala -- Senior Analyst, Corporate Finance and Investor Relations Thanks, Kyle. Can we have the next question please? Operator Yes, Wamsi Mohan, Bank of America. Wamsi Mohan -- Bank of America -- Analyst Yes. Thank you. Tim, Apple has a very valuable installed base of users. Can you see a future where Apple can become larger in the advertising market as you build out TV+ given you could have the unique position and ability to drive targeted ads to users without compromising on privacy? Tim Cook -- Chief Executive Officer I think it's -- I think it is possible to have advertising in a straightforward manner that doesn't encroach on people's privacy. I wouldn't want to conjecture about us in that business. I think for the TV+ business, we feel strongly that what that customer wants is an ad free product. And so, that's not our aversion to ads. It's what we believe that the customer wants. Wamsi Mohan -- Bank of America -- Analyst Okay, thank you. And Luca, can you just clarify if the Services revenue this quarter had any impact of deferrals associated with TV+ at all and how can you help us maybe size the impact of the amortization of the content cost associated with TV+ as we think about the next couple of years? Thank you. Luca Maestri -- Senior Vice President & Chief Financial Officer Yeah. So yes, of course, we launched the service. And so, there was a very small contribution to revenue from the deferral, and there was also contribution to revenue from the people, the subscribers that are actually paying for the service. When you think about what goes into the Apple TV+ revenue at this point, there are two components, the paid subscribers. These are customers that pay for the service. And we recognize revenue over the subscription period. And then, we've got the, what we call,"
NVDA,"Aug 15, 2019, 5:30 p.m. ET",2020-Q2,"s and they use it for 3D content creation and high-definition video editing and image optimization and things like that and we introduced a brand new line of computers that we call RTX Studio. Now the OEMs were so excited about it and at SIGGRAPH, we now have 27 different laptops shipping and more coming, and so I think RTX is really geared for growth. We have a great games coming, we got the SUPER line of GPUs. We have -- all of our notebooks that were designed into that we're ramping and of course the new RTX Studio line. And so I expect this to be a growth market for us. C.J. Muse -- Evercore ISI -- Analyst Very helpful. If I could follow up on the data center side, perhaps you could speak directly just to the Hyperscale side both internal and cloud and whether, you're seeing any green shoots, any signs of life there and how you're thinking about what that rate of recovery could look like over time? Jensen Huang -- President and Chief Executive Officer With the exception of a couple of hyperscalers, C.J., we are seeing broad based growth in data centers. In the area of training, the thing that's really exciting everybody and everybody is racing toward is training these large gigantic natural language understanding models, language models. The Transformer model that was, that was introduced by Google called BERT has since been enhanced into XLNet and RoBERTa and, gosh, so many different -- GPT-2 and Microsoft's Mass [Phonetic] and there is so many different, different versions of these language models. And in AI, NLU natural language understanding is one of the most important areas that everybody is racing to go do, and so these models are really, really large, it's over a 1,000 times larger than image models that we were training just a few years ago and they're just gigantic models. It's one of the reasons why we built the DGX SuperPOD so that we could train these gigantic models in a reasonable amount of time. The second -- the second area, so that's training in the hyperscalers. The second area, where we're seeing enormous amounts of activity it has to do with trying to put these conversational AI models into services so that they could be interactive and in real time, whereas photo tagging and photo enhancement is something that you could put offline and you could do that while you have excess capacity when it's off the -- off the most most busy time of the day, you can't do that with language and conversational AI, you've got to respond to the person in real time. And so the performance that's required is significant, but more importantly, the number of models necessary for conversational AI from speech recognition to language understanding to recommendation systems to text to speech to wave synthesis these five, six, seven models have to be processed in real time in series and in real time, so that you can have a reasonable conversation with the AI agent and so these type of activities is really driving interest and activity at all of the hyperscalers. My expectation is that this is going to continue to be a big, big growth opportunity for us. But more importantly, in addition to that, we're seeing that AI is -- the wave of AI is going from the cloud to the enterprise to the edge and all the way out to the autonomous systems. The place where we're seeing a lot of excitement and we talked about that in the past and we're seeing growth there has to do with the vertical industry enterprises that are starting to adopt AI to create new products, whether it's a delivery robot or some kind of a Chatbot or the ability to detect fraud in financial services. These applications in vertical industries are really spreading all over the place, there is some over 4,000 AI start-ups around the world, and the way that we engage them as we -- they use our platform to start developing AI in the cloud, and as you know, we're the only AI platform that's available on-prem and in every single cloud and so they could use our AI -- AI platforms for in all the clouds, which is driving our cloud computing, external cloud computing growth."
TSLA,"Apr 29, 2020, 6:30 p.m. ET",2020-Q1,"o look closely at our cost structure and to be more efficient as a company. That's -- one always has to do that in a crisis, and just thinking about our core beliefs and what do we want to do. And we came to a conclusion that, that the right move was actually to continue to expand rapidly, continue to invest in the future and in new technologies, even though it is risky. And we've talked to some of our key investors, and they support that approach as well. So I think that there's clearly an uncertain future ahead. It's a bit of a bumpy road. But I think the long-term prospects are extremely good. Anything you guys want to add? Zachary J. Kirkhorn -- Chief Financial Officer Yeah, I agree with that, Elon. The prioritization on the key projects will enable us to execute more efficiently and faster on them, which I think is great. The other one that I would add is, it's always been our vision at Tesla to improve the customer experience and make that as digital as possible. Elon Musk -- Co-Founder and Chief Executive Officer Yeah. Touchless delivery. Zachary J. Kirkhorn -- Chief Financial Officer Yeah, So touchless delivery, mobile service touchless sales has been something that we've been very focused on and made a lot of progress on. Elon Musk -- Co-Founder and Chief Executive Officer Yeah. Tesla is the only car that you can literally order in less than five minutes on your phone, you can order a car and have it delivered to your doorstep with all the paper and everything done. That's it. Effortless. Zachary J. Kirkhorn -- Chief Financial Officer And many customers do that. Elon Musk -- Co-Founder and Chief Executive Officer And they're doing it, yes. In fact, a big part of it is just trying to communicate to people that this is something you can do, because normally, buying a car is quite a pain -- for most people, they would rather go to the dentist than buy a new car. Actually, my dentist is very -- but it's really like quite an arduous thing. When the typical retail experience for buying a new car is more painful to people than having a root canal done, you have to say, well -- and for Tesla, it is completely as easy as ordering something from the Apple App Store or something on Amazon and, except it's a car. Yeah. All right. And five minutes is a, if you really went fast, I think you could order a car probably in 90 seconds, so. Martin Viecha -- Senior Director for Investor Relations Thank you. The next question from institutional investor is, can you give us a brief preview of the Battery Day by generally highlighting steps Tesla is taking to improve self energy density and time line for introduction? Elon Musk -- Co-Founder and Chief Executive Officer Yeah. Actually, we were just -- we don't want to pre-empt Battery Day. We want to -- leave the exciting news for that day, but there will be a lot of exciting news to tell. And I think it would be one of the most exciting days in Tesla's history and we're just trying to figure out the right timing for that. We think probably the right timing will be the -- probably the third week of May. Not giving a firm date, but we think that probably that's the right timing. And depending upon what we're allowed to do, it will either be in California or Texas. Martin Viecha -- Senior Director for Investor Relations Okay. And the last question from institutional investors, could you please update on progress stores development and commercialization of Full Self-Driving? How much revenue have you recognized so far? Zachary J. Kirkhorn -- Chief Financial Officer So there is a couple of things on the financials for Full Self-Driving. And so, currently, in North America, it's sold for $7,000 as an option. We take roughly half of that as revenue, and the other half of it goes into deferred revenue. That's associated with features that will be released with time. Our deferred revenue balance is continuing to grow. It's a little bit over $600 million. And so as we release features with time, at the end of every quarter, we take a look at what features have been released, associated value an"
TSLA,"Jan 26, 2022, 5:30 p.m. ET",2021-Q4,"till like an area of like technological development where the next chip can do the same thing with less diarrhea, so like the total fab required to accomplish the function goes down. So there's still room to grow without needing more fab capacity. But in general, there's a lot more fab capacity coming, so that's like a win-win there. Elon Musk -- Chief Executive Officer and Product Architect Yeah, exactly. It's not a long-term thing because there's going to be -- there's a great amount of chip fabs being built, which is great. Martin Viecha Well, thank you very much. Unfortunately, that is all the time we have for this session. Thanks very much for all your good questions, and we'll speak to you again in three months' time. Have a good day. Bye, bye. Duration: 60 minutes Call participants: Martin Viecha Elon Musk -- Chief Executive Officer and Product Architect Drew Baglino -- Senior Vice President, Powertrain and Energy Engineering Zach Kirkhorn -- Chief Financial Officer Lars Moravy -- Vice President, Vehicle Engineering Tesla Jed Dorsheimer -- Canaccord Genuity -- Analyst Ben Kallo -- Baird -- Analyst Toni Sacconaghi -- AB Bernstein -- Analyst Pierre Ferragu -- New Street Research -- Analyst More TSLA analysis All earnings call transcripts"
GOOGL,"April 28, 2020, 4:30 p.m. ET",2020-Q1,"hich we are well positioned. So we will continue to invest in these areas including Search, machine learning, and Google Cloud. Finally, with respect to capex, on the fourth quarter call, we shared our expectation that investments in both technical infrastructure and office facilities would increase compared to 2019. We now anticipate a modest decrease in the level of total capex in 2020 compared with last year. The biggest change in our outlook is a reduction in global office facility investments due to both the need to pause most of our ground-up construction and fit-outs in response to COVID-19 and our decision to slow down the pace at which we acquire office buildings. In terms of technical infrastructure, we expect a moderate reduction to our forecast relative to the beginning of the year given the impact of COVID-19 on data center construction delays as well as the benefit of our ongoing focus on server efficiency. Overall, we anticipate technical infrastructure investment to remain at roughly the same level as in 2019 with relatively more spend on servers than on data center construction. Thank you and Sundar and I will now take your questions. Questions and Answers: Operator Thank you. [Operator Instructions] Our first question comes from Eric Sheridan from UBS. Your line is now open. Eric Sheridan -- UBS -- Analyst Thanks for taking the question and hope all is safe and well with everyone on the team there at Alphabet. Two questions if I can. One, on the comment with respect to direct response advertising on YouTube, would love to get a little more color on how direct response advertising as ad units continue to evolve and perform and how advertisers are using those ad units as part of their broader advertising goals. And then maybe, Ruth, for you, on the comment on expenses, just want to understand a little bit of how much of what your messaging on expenses is efficiency gains that you were aiming for in 2020 before we got to COVID-19 versus elements of the cost structure that you're reexamining as a result of the pandemic. Thanks so much. Sundar Pichai -- Chief Executive Officer Eric, Thanks for the wishes. On YouTube direct response, we definitely are seeing traction there. I think an area where it really works well for example is app installs. That's a great example of it. Gaming is another good example of it and we are working on iterating and making the formats work better so that it applies to more context as well, but in general, I think businesses are learning to adapt. Obviously, we've had great success with Search and so we are bringing a lot of those learnings and we're sharing it with our customers and so we expect to see more traction there over time. Ruth Porat -- Chief Financial Officer And on your second question, I like the way you framed it. Yes, we do have efficiency efforts that we started that we had going as we entered this year, but as a result of what we're seeing in the environment, our view was that we should really double down on those. And so when we go through the various areas that I mentioned, we had started the year with an expectation about really optimizing headcount around the various areas. What we've determined is we're going to, at this point, slow the pace of hiring. To be very clear, we are continuing to hire, but we are slowing the pace of hiring and that's helping as we're driving a deeper look into how do you optimize within each area. The same is true for example in some of the comments on marketing. We are continuing to invest in marketing. As you know well, sales and marketing line, the majority of it is headcount related and we do continue to invest here in ads and in particular in Cloud. As it relates to the marketing component, namely ads and promo spend, we did reduce it relative to our plans in the beginning of the year and we continue to have a healthy budget for ads and promo particularly in digital to support many business areas, but as with the other areas of investment, we're really focused on optimizing across products and services and with physical event"
META,"Jan 27, 2021, 5:00 p.m. ET",2020-Q4,"s just the shift to online commerce, as well as the ongoing -- the shift to more spend on products versus services. In Q4, we also saw strength with sort of our full range of advertisers. We have seen sort of small- and medium-sized businesses come back and start getting strength in Q2 and Q3 or Q3, specifically. And then Q4, we also saw strength from some of our largest advertisers as well. So as you look out in 2021, I think we're just going to be facing tougher comps in the back half of the year. Some of those things related to the pandemic had the potential to revert, whether it's more consumer expenditure shifting toward services away from products. So that will make it a little bit of a tougher comp. And then you layer on top of that headwind to growth related to privacy-related headwinds. The biggest factor there is iOS 14. So we certainly anticipate growth, but we're just looking at tougher comps as we hit the back half of the year given really, most importantly, the strength that we saw this year and then, on top of that, the headwinds that we're seeing from some of the privacy changes. Operator Your next question comes from the line of Justin Post from Bank of America. Justin Post -- Bank of America Merrill Lynch -- Analyst Great. Thank you. I guess I'll ask about regulation. I know it's a tough topic. First, Mark, in your prepared remarks, you elevated a little bit competition with Apple. Is there anything going on with iOS 14 besides IDFA that maybe puts you in more direct competition with Apple? And then secondly, obviously, the FTC filed their case since the last earnings call. Maybe just open forum, any thoughts on that that you're able to share. Thank you. Mark Zuckerberg -- Chief Executive Officer Well, in terms of the competition with Apple specifically, I laid out three or four product focus areas. And with the exception of the work that we're doing on communities, which I think is quite separate from the work that they do, the other three areas, I think, are going to have very significant competitive overlap with Apple. In messaging, certainly, iMessage is the most popular service in the U.S., I think, because of the fact that they pre-install it and give their app several advantages that other apps don't have. In commerce and supporting small businesses, I think there, you have some of the iOS 14 changes that we think are going to be very problematic especially for small businesses. And then longer term, as we move toward building the next computing platform, I think we would expect to see them as more of a competitor there as well. So I do think that this is sort of shaping up that -- we face many competitors, right? There are a lot of competitors in the core social app work that we do. [Technical difficulty] Operator Excuse me. This is the operator. I apologize, but there will be a slight delay in today's conference. Please hold and the conference will resume shortly. Thank you for your patience. [Technical difficulty] Speakers, we are now connected. Mark Zuckerberg -- Chief Executive Officer Was there another question on that last one that I was supposed to answer? Dave Wehner -- Chief Financial Officer Well, there was a question about the FTC. Justin Post -- Bank of America Merrill Lynch -- Analyst Hey, guys, we're back. Dave Wehner -- Chief Financial Officer All right. Are we on now through this line? Operator Yes, you are connected. Dave Wehner -- Chief Financial Officer OK. Mark Zuckerberg -- Chief Executive Officer All right. So where did I lose you? Dave Wehner -- Chief Financial Officer I think you had covered the question of the dynamics related to the competitive landscape, and then there was a follow-on question around the FTC case and any thoughts that we have on that. I don't think we have anything we necessarily are commenting on at this point. Mark Zuckerberg -- Chief Executive Officer Yes, nothing on the case. I mean, on regulation overall, because I think some of the question was focused on that, the point that I would highlight is I actually think it would be very helpful to us an"
AAPL,"Jul 27, 2021, 5:00 p.m. ET",2021-Q3,". And so we feel really, really great about both categories. And as Luca kind of said during the preamble or opening comments, we -- our results are really strong for iPhone around the world. And so it's been a very, very strong cycle. And yet we're -- the penetration on 5G is obviously still very, very low. And so we feel really good about the future of the iPhone. Shannon Cross -- Cross Research LLC -- Analyst OK. And maybe if you can talk a bit about China, up 58%, where are you seeing the growth? What are you hearing from customers there? How is this -- actually, 58% is not sustainable, but how sustainable is the strength? Tim Cook -- Chief Executive Officer It was an incredibly strong quarter. It set a June quarter revenue record for Greater China for us, and so we're very proud of that and doing the best job we can to serve customers there. We had a particularly strong response to the 12 Pro and the 12 Pro Max. Those results were particularly strong. And if -- but if you look at the balance of our products, we also set June quarter records for wearables, home, and accessories for Mac and for services. So it was sort of an across-the-board strength. And we're seeing plenty of new customers come to the market. For example, Mac and iPad, about two-thirds of the customers who bought in the last quarter were new to that product. For the Apple Watch, that number was 85%. And so we could not be happier with the results. Shannon Cross -- Cross Research LLC -- Analyst Was the 85% China or overall? Tim Cook -- Chief Executive Officer 85% was China. Yes. I was talking about, specifically, the numbers I referenced were specifically for China. Luca Maestri -- Chief Financial Officer And then, Shannon, for the world, the Watch is 75%. Shannon Cross -- Cross Research LLC -- Analyst Right. Great. Thank you so much. Tejas Gala -- Director, Investor Relations, and Corporate Finance Yes. Thanks, Shannan. Can we have the next question, please? Operator Thank you. We'll take our next question from Amit Daryanani with Evercore. Please go ahead. Amit Daryanani -- Evercore ISI -- Analyst Perfect. Thanks a lot for taking my question. I have two as well. I guess, first off, Luca, I was hoping you could maybe talk a little bit more about the gross margins and maybe the expectations you laid out for September. I think sequentially, it implies it's down a hundred basis points or so. So maybe just touch on what are the puts and takes there would be helpful because I think historically, September tends to be flattish, maybe even up a little bit gross margin number for you folks. Luca Maestri -- Chief Financial Officer Yes. I think it's important to go back to the Q3 results. Right? It's 43.3%. And one of the things that I mentioned is that in addition to getting really good cost savings on a sequential basis, we also had a very high mix of services as part of the total, and particularly, with advertising doing really, really well because of the rebound that we saw from the COVID lockdowns a year ago. And so as we move forward sequentially, we do expect a different mix, and so that drives the guidance that we provided, which, again, as you know, it's significantly higher than just a year ago. For example, a year ago, we were at 38.2%, so almost 400 basis points of expansion on a year-over-year basis. Right? And so I think it's important to take that into account, just a different mix. Amit Daryanani -- Evercore ISI -- Analyst Got it. No. Absolutely. I don't think anyone expected gross margins to be north of 40% just quickly for you, folks. So that is impressive. If I could follow up on Services, and I know you called out the 33% growth this quarter as a bit of an aberration. The compares were easier. But as you look at your services growth rate over the last four quarters, let's just say, what do you think is enabling this growth? Is it you're able to have a higher ARPU more monetization of your installed base? Or is your installed base growing? I'm curious, which one is bigger? And then over time, how do you think those two components stack up f"
AMD,"Jan 26, 2021, 5:00 p.m. ET",2020-Q4,"in the second half of this year and going into next year. So we're pleased with the performance on the internal workloads. We see that carrying over to Milan, and sort of the -- the -- let's call it the move from Rome to Milan is -- is -- is not too heavy a lift. And so we expect that that will continue going into 2021. And in terms of the external facing workloads, we've spent quite a bit of effort sort of building our let's call it sort of the business development engine that sort of let's call it sells along with the cloud vendors, as well as frankly enterprise OEMs. And so our conversation with large enterprises is -- is usually a hybrid conversation. It's -- if you want to buy on-prem, let me tell you what AMD EPYC can do. If you want to use cloud instances, we have a wide variety of cloud instances across all of the largest cloud vendors. And -- and that's actually progressed very nicely. So I think, overall, that -- that's leading to some of our positive commentary in cloud is that we have seen both progress on internal as well as the external sell with motion. Joe Moore -- Morgan Stanley -- Analyst Great. Thank you. And then I wonder in terms of data center GPU, you've talked about some of the emerging applications. Because gaming has been an investment that some of your customers have made, what's the status of that and how -- how big a portion of your data center GPU business do you expect to be driven by cloud gaming in 2021? Lisa Su -- President and Chief Executive Officer Sure. So I think the cloud gaming portion of the business was a larger portion of the business in sort of past years for the data center GPU. In 2021, we -- we do have additional cloud gaming engagements that will ramp. But I would say it would be the smaller portion of the business and HPC would become let's call it the larger portion of the business in 2021. Joe Moore -- Morgan Stanley -- Analyst Great. Thank you very much. Lisa Su -- President and Chief Executive Officer Thanks, Joe. Operator Thank you. Our final question today is coming from Timothy Arcuri from UBS. Your line is now live. Timothy Arcuri -- UBS -- Analyst Hi. Thanks -- thanks for fitting me in here. So I guess my first question, Lisa, based on your commentary on data center revenues and your splits and you answered the question before about ASPs in Q4. It sounds like server CPU share is running like 12.5% on your $20 million TAM-based that you use. So you have Milan ramping and you're talking about a lot of visibility on that ramp this year. So I'm sort of wondering if maybe you can give us what your guidance implies or sort of what the next milepost to think of would be in terms of server CPU share as you sort of exit the year and maybe look into next year? Lisa Su -- President and Chief Executive Officer Yeah. So Tim, thanks for the question. What -- what I would say is I don't have a new market share target and I think just given all of the -- the variance in the market. But what I will say is we've given you a good view of the business through sort of the percent of -- of revenue it is. And as I said in the prepared remarks, the -- the -- the data center business was high-teens percentage of annual revenue and it was predominantly -- predominantly server. So the data center GPU was a very small piece of that, and it was predominantly server. As we go into 2021, again, we see significant growth. I would say it's one of the -- the key growth drivers for the company and we'll give you updates as we go along the way in -- in 2021 in -- in terms of how -- how it's growing as -- as a relative size of -- of the business. Timothy Arcuri -- UBS -- Analyst OK. Got it. And then just quickly on data center GPU. It looks like it was maybe flattish this year, year over year. And obviously, it's going to grow this year as Frontier -- Frontier comes in the year. Can you just sort of maybe give us some sense in terms of how much you think it could grow? I mean could it double year over year? I understand it's not big from a dollar point of view, but could it double year over year? M"
GOOGL,"Feb 02, 2023, 4:30 p.m. ET",2022-Q4,"ion scale-ready. We had already deployed. If you look at the impact, things like BERT and MUM had on search quality, making search multimodal, driving the usage of products like Google Lens. I feel like we've been scaling up well. In Google Cloud today with Vertex AI, we'd already been bringing AI APIs to enterprises, and they're on a pretty healthy growth path. So, we do see secular opportunities ahead, both in terms of putting these APIs out, making sure every developer, every organization in the world can use it. And as I said earlier, we are in very, very early days and I think there's a lot of room ahead. In terms of Search too, now that we can integrate more direct LLM-type experiences in Search, I think it will help us expand and serve new types of use cases, generative use cases. And so, I think I see this as a chance to rethink and reimagine and drive Search to solve more use cases for our users as well. So, again, early days, you will see us be bold, put things out, get feedback and iterate and make things better. Ruth Porat -- Chief Financial Officer And then in terms of your question about Other Bets investment levels, so as we've talked about in prior calls, our goal for Other Bets is to use our deep technology investments to drive innovation with real potential for value creation. And at the same time, we are very focused on the overall pace of investment and the financial returns. And so, what we're really looking at here are what are the opportunities for monetization and commercialization. As I've said on prior calls, there is no monolithic approach across the portfolio, but we are very focused on whether -- what's the pace of investment opportunities for monetization and commercialization. And just a bit more with respect to the DeepMind move, to be very clear, we consolidate in Other Bets into Google only when that bet supports products and services within Google or for Alphabet broadly. And you saw us do that some time ago when we moved Chronicle as an example into combining with our Cloud business and really the cybersecurity offering that is now in Cloud, and that was very effective. With AI, this is obviously an Alphabet strategic priority, and we see huge opportunity ahead, and DeepMind's research is core to that future across the product areas in Alphabet portfolio. And so, this reporting change reflects the strategic focus in DeepMind, the support of each one of our segments, and that's why I indicated that beginning Q1, DeepMind financials will be reported within our corporate cost segment. Eric Sheridan -- Goldman Sachs -- Analyst Thanks so much. Operator Our next question is from Justin Post with Bank of America Merrill Lynch. Your line is open. Justin Post -- Bank of America Merrill Lynch -- Analyst Thank you for taking my question. Just digging into Search kind of low single-digit growth ex FX. Can you talk about the pressures there, volume versus pricing or CPCs? What's really driving the slowdown? It's kind of almost back to '09 recession levels. Just think about that. And then any signs that we're near a bottom? Any stabilization in growth rates you can talk about or how your outlook is for '23 on that? Thank you. Ruth Porat -- Chief Financial Officer So, overall, as we've indicated, we remain very excited about all that we're doing in Search, the utility for all of us. And so that's why you've heard so many comments about the application of AI and what that means for the ongoing opportunity. You had a number of different questions in there. I think one was on volumes. In the 10-K that we'll be filing shortly, you'll see that for the full year 2022, CPCs were down 1% versus last year. And as we've talked about in prior quarters, the change in CPCs can reflect a number of different factors: geographic mix, property mix, all sorts of things. Clicks were up 10% in 2022, reflecting a number of factors, including increased engagement, primarily on mobile devices, and improvements in ad formats. But I think overall, we're really excited about what we see ahead. We're not going to predict the g"
AMD,"Aug 02, 2022, 5:00 p.m. ET",2022-Q2,"for the ninth straight quarter led by strong adoption of our latest generation Ryzen mobile processors. Acer, Asus, Dell, HP, Lenovo, and others are on track to significantly expand their portfolio of AMD-based notebooks as they bring almost 300 new designs to market this year, powered by Ryzen processors. We also saw strong demand in the quarter for our latest generation Ryzen Pro processors that deliver leadership performance and battery life for professional notebooks. Commercial client processor revenue grew significantly year-over-year as HP, Lenovo and others launched more than 50 AMD-based commercial notebooks and Dell announced its first AMD-based precision workstation. Looking ahead, we are on track to launch our all-new 5-nanometer Ryzen 7000 desktop processors and AM5 platforms later this quarter, with leadership performance in gaming and content creation. Taking a step back, while there has been additional softness in the PC market in recent months, we believe we are very well positioned to navigate through the current environment based on the strength of our existing product portfolio and upcoming product launches. Now turning to our gaming segment. Revenue increased 32% year over year to $1.7 billion as semi-custom growth more than offset a decline in gaming graphics sales. Semi-Custom SoC sales continue outpacing the prior generation, and we remain on track for record Semi-Custom annual revenue in 2022. Gaming graphics declined in the quarter as macro conditions impacted discretionary spending. New AMD Advantage gaming notebooks that combine Ryzen and Radeon processors to enable outstanding gaming experiences launched recently to strong reviews, highlighted by the Alienware M17 receiving multiple Editors' Choice awards from leading industry publications. While we expect the gaming graphics market to be down in the third quarter, we remain focused on executing our GPU roadmap, including launching our high-end RDNA three GPUs later this year. Our next-generation RDNA three architecture is another major step forward for our graphics roadmap, delivering more than a 50% generational improvement in performance per watt by combining our most advanced gaming architecture with 5-nanometer triplet manufacturing. Looking at our embedded segment, revenue grew significantly year over year to $1.3 billion, led by robust demand across all markets and nodes for our FPGA and adaptive computing products. Xilinx products are deployed in virtually every market, powering mission-critical applications for thousands of customers. We accelerated Xilinx product sales in the second quarter with the benefit of the additional manufacturing scale and resources of AMD. We delivered record core markets revenue led by aerospace and defense, industrial vision, health and test and measurement. Communications growth was led by higher demand in wired from multiple Tier 1 system vendors, while wireless demand was driven by multiple ramping ORAN deployments in North America. Embedded CPU revenue also grew significantly in the quarter based on higher automotive sales and the ramp of new networking and storage design wins. As we highlighted at our Financial Analyst Day in June, we have identified greater than $10 billion in long-term revenue synergy opportunities as we bring the AMD and Xilinx assets together. Our largest opportunity is in AI, and we've already started executing new hardware and software roadmaps to capture the significant opportunity we see to drive pervasive AI across cloud, edge, and endpoints. In summary, our work over the last several years has placed AMD on a significant growth trajectory. AMD has never been stronger and the markets for our products have never been as large or diverse. As a result, we have now delivered eight straight quarters of record revenue as our strong execution and leadership products have driven increased adoption across an expanded set of markets and customers. Despite the current macroeconomic environment, we see continued growth in the back half of the year, highlighted by our next-generation 5"
MA,"Jan 27, 2022, 9:00 a.m. ET",2021-Q4,"xecutive Officer All right. Thanks, Darrin. So I'll start that off and then maybe Sachin can kick in. So first of all, the secular shift has gotten a real push out of COVID. I mean, we had to spend online and when I look at that, I think that is a fundamental structural trend, more online commerce, more online banking, more online, everything. And what has really come out over the last two years that this is a lasting trend. So every bit of consumer research that we do, market research that we do, people will say, I learned to like it. So I'm going to continue to do that. So I think that is an accelerated growth opportunity. And it's a big assumption in our three-year long-term guidance that we gave that we continue to believe that the race toward a more digital economy will be a positive driver for us. So sustainable growth driver. You see it come through in how we build out acceptance, 19% acceptance growth. We continue to find pockets and opportunities and flows in segments that are just not penetrated with our solutions yet. And so, I see the underlying secular growth, I see us show up in more places. I mean, I use the term, I think, at the investor day, leave no white space. So that is why expanding in payment is a Pillar 1 of our strategy. You pointed to services, now services in a world that is more digital, that throws up more data, in a more digital world, a lot more people need to be safe in that digital world. So our C&I services, our security service solutions. We -- basically, we can't run fast enough. That has been outperforming. I gave you the growth rate for 2021 and services at 25%, that's for sure, an elevated growth rate and we continue to see that very, very positive. On data and analytics, more data, more people will want to do something with the data. A merchant will understand now that they have more merchants are entering into the digital space, how do they find customers in an easy way, how do they retain customers? That's where Dynamic Yield comes in, a perfect tool to really make more of that. And then, all of that data in the end will fuel the world of open banking, which is part of our whole new network strategy is essential and of course, the need for digital identity solutions. So all of that is sustainable. The catch-up opportunity, back to your question, is for sure travel. It is travel -- domestic travel has been leading, leisure travel has been leading. Cross-border travel and corporate travel over different curves over time, there's significant catch-up opportunity for us. So I think those are the headlines. Darrin Peller -- Wolfe Research -- Analyst Helpful. Thanks, guys. Operator Your next question will come from Lisa Ellis with MoffetNathanson. Lisa Ellis -- MoffettNathanson -- Analyst Hey, good morning, guys. I was hoping to ask about net yields. Just looking back, pre-pandemic, Mastercard net yields were steadily increasing about past a bit -- about a basis point a year. But then over the last two years, have dropped first in 2020 then again, somewhat over in 2021. Can you just help parse for us a bit how much of the pressure on yields recently is due to cross-border travel weakness versus perhaps competitive pressure or something like that? And kind of what gives you confidence in one versus the other? And I guess, looking out into 2022, are you now expecting yields to move back the other direction? Thank you. Sachin Mehra -- Chief Financial Officer Sure, Lisa. I'll take that question. So look, I think the short answer to your question is the vast majority of what you've seen in terms of net yields has been driven by the changing mix of the business over the pandemic, primarily cross-border volumes coming down and the impact of that. As you know, cross-border volumes and the revenues are less indexed from rebates and incentive standpoint. So you have the impact of that playing through. I would say fundamentally, we've always operated in a competitive environment. We see no real change in the level of competition relative to what we've seen over the past few years. So candidly, I"
AAPL,"Feb 02, 2023, 5:00 p.m. ET",2023-Q1,"at this move to sort of higher ASPs that has happened over the last few years is sustainable? Or could it sustain in this very tough macro environment that you've cited? Tim Cook -- Chief Executive Officer I wouldn't want to predict, but I would say that the smartphone for us -- the iPhone has become so integral into people's lives. It contains their contacts and their health information and their banking information and their smart home and so many different parts of their lives, their payment vehicle and -- for many people. And so I think people are willing to really stretch to get the best they can afford in that category. Wamsi Mohan -- Bank of America Merrill Lynch -- Analyst OK. Great. And Tim, you clearly emphasize the focus and importance of the installed base. If we think about the absolute grit of the installed base from 1 billion to 2 billion over 7 years from a device standpoint, how should we think about the penetration of services or the growth in paying customers on services or that time frame? Is that penetration rate increasing or decreasing? How fast is that growing relative to the growth of the overall installed base? Luca Maestri -- Chief Financial Officer Wamsi, it's Luca. Yes, of course, we keep track of that. It's really important for us. Over the last seven years, as we doubled the installed base, we've seen a growing engagement of our customers on the platform. That happens, first of all, by customers transacting on the platform and then moving to paid accounts. So starting to pay for some of the services. That percentage of paid accounts tends to grow over time. We've seen it in developed markets. We see it in emerging markets. And that is due to some of the reasons that I was explaining earlier, including the fact that we made it easier for our customers to get engaged on the platform. For example, we offer multiple payment methods in many countries. And we've made it easier to explore for more services because we've added a lot of services on the platform over the last seven years. So to your question, of course, higher engagement means a higher percentage of paid accounts over time. Wamsi Mohan -- Bank of America Merrill Lynch -- Analyst OK. Thank you. Tejas Gala -- Director, Investor Relations and Corporate Finance All right. Thanks, Wamsi. Can we have the next question, please? Operator Our next question comes from Richard Kramer of Arete Research LLP. Tejas Gala -- Director, Investor Relations and Corporate Finance Operator, can we move on to the next? Operator Richard? OK. Next we'll hear from Jim Suva of Citigroup. Jim, your line is open. If you can release your mute function, we are unable to hear you. Jim Suva -- Citi -- Analyst Tim and Luca, you both mentioned earlier on the Q&A a little bit about India. I was wondering if we're now entering a situation of even more opportunity because we've exited COVID. We've exited countries with different COVID criteria. We've also seen India build out its higher-speed transmissions. And your market is -- shares tremendously underrepresented there. And it appears with the supply chain, you're looking at diversifying kind of operational risk, not specific to any country, but just overall. Now you look at potentially opening up stores and stuff. Am I right that, that's the way you look at it is it's even more prime for opportunity now than ever? And once you start opening up stores there, you could just see a complete green shoots of adoptions or any additional commentary on your view on India as now we've navigated COVID and supply chain and so many challenges over the past two years? Thank you, gentlemen. Tim Cook -- Chief Executive Officer Yes. Jim, we actually did fairly well through COVID in India. And I'm even more bullish now on the other side of it, or hopefully, on the other side of it. And that's the reason why we're investing there. We're bringing retail there and bringing the online store there and putting a significant amount of energy there. I'm very bullish on India. Jim Suva -- Citi -- Analyst Thank you. And then as my quick follow-u"
AAPL,"Jul 28, 2022, 5:00 p.m. ET",2022-Q3,"ell, and iPhone tends to be the engine for those markets, particularly at the beginning of creating the market there for Apple products. And so we're really looking at all of these things from the installed base to the number of switchers to the geographic distribution. Of course, the most important thing for us is to maintain an incredible customer satisfaction and loyalty from the customers. And we're really pleased that it's currently at 98% for the latest iPhones. And so those are the things that underpin it. 5G has been an accelerant. And the 5G penetration, particularly if you look at it globally, is still quite low. In some geographies, it's obviously higher, but around the world, 5G penetration is still low. And so I think there's reason to be optimistic. Erik Woodring -- Morgan Stanley -- Analyst OK, that's helpful. And then maybe, Luca, for you. As we move from the June to the September quarter, maybe can you dig a level deeper and kind of help us understand some of the moving pieces in the services business? Meaning where do you think we could see an acceleration or maybe a deceleration? And should we still expect double-digit growth? If you could just frame that for us, that would be great. Luca Maestri -- Chief Financial Officer Yes, Erik. I mentioned in my prepared remarks that we expect some deceleration from the 12% that we've had in the June quarter. Keep in mind, we're going to see, on a year-over-year basis, 600 basis points, 6% impact from foreign exchange so that is a big element for us. Also keep in mind that we're still lapping the impact of our business in Russia in these numbers. And Tim mentioned that there are some pockets of weakness, primarily in digital advertising that we will need to work through. But at the same time, our Services business a year ago grew a lot and so also the compare is a bit challenging. So we don't have a very specific number to give out today. Of course, we expect to grow. We will see how the quarter develops. Operator We'll take our next question from Richard Kramer with Arete Research. Richard Kramer -- Arete Research -- Analyst Tim, you cited growth in Apple apps in the past, and clearly, the privacy policies you've taken have really reshaped the mobile ad market. Can you give us a sense of how you see Apple's role as an ad network and perhaps helping developers to monetize not just app sales but also growing ad monetization over time? Tim Cook -- Chief Executive Officer Yes. Richard, we view privacy as a fundamental human right. And so what we try to do with all of our features on privacy is put the decision back at the user where we believe it belongs as to whether they want to share their data or not. And so that was what was behind application tracking transparency and a number of other features. We're trying to empower the user to own their data and make their own choices. In terms of us selling ads, we have a search ad business across the App Store that we believe represents a great way for discovery for small and large developers. And so I see that we play a role in that. Richard Kramer -- Arete Research -- Analyst And then maybe my follow-up for Luca. Can you give us a sense, especially now that you're launching Pay Later, what steps you might be taking to improve affordability of Apple products? We know that it's going to be a tight time economically for people around the world. And how do you see the evolution of various payment plans out of the -- you see in the U.S. now into other markets, especially emerging markets? Luca Maestri -- Chief Financial Officer Yes. I mean, obviously, affordability is a very important topic for us. It's been for many years. Buy now, pay later is the latest that we are doing on this front. Fundamentally, we are working on two major initiatives for affordability. One is installment plans and installment plans have become more widespread around the world, not only here in the United States but in most markets, particularly in emerging markets. Incredibly important in terms of reducing the affordability threshold. And trading p"
TSLA,"Jul 20, 2022, 5:30 p.m. ET",2022-Q2,"ed the batteries for two of the pillars of sustainability, the stationary storage and for vehicles. So yeah. Drew Baglino -- Senior Vice President, Powertrain and Energy Engineering Yeah, I just want to stress that a lot of these higher energy density technologies are not necessarily scalable. I mean, most of them are not scalable from what I've seen. And so like focusing on them is a distraction from the mission, like it really is how do we scale as fast as possible? And we're taking these risks that we've discussed at Battery Day. And our plan is as we derisk them and they are successful, we want to bring them back to our partners so that they can go faster, too, because that's all on the mission, right, like how do we accelerate. Elon Musk -- Chief Executive Officer and Product Architect People often ask me, if you often ask me, is some breakthrough needed in battery technology for the world to transition to sustainability? The answer is no. Even if there was zero technology breakthroughs, so it literally zero from where the technology is right now, we could fully transition Earth to sustainable energy. The issue is very much the rate at which the entire supply chain from mining to refining to cell production. How fast can that grow? It's growing fast with the faster it grows, the faster we transition to a sustainable energy economy. Pierre Ferragu -- New Street Research -- Analyst This is actually a great -- exactly where my follow-up is. So, Elon, you always mention this 50% per annum sustainable growth target that you guys have. And so my question here is when we see like the difficulty regarding the commodities, raw materials, swinging prices, I'm kind of wondering, as you are planning for this 50% per annum growth, if we stand today over the next five to 10 years, how much of that do you feel you've secured through your work at entering into long-term contracts and things like that? And you were calling for entrepreneurs to go into the lithium business. So, does that mean you don't have enough lithium secured to grow 50% per annum over multiple years? And what's -- how much of that is secured today? And how fast can you improve that basically? Elon Musk -- Chief Executive Officer and Product Architect Well, I think it's kind of very difficult to predict anything 10 years from now. I hope civilization is still around, frankly. I don't count that as a win. Pierre Ferragu -- New Street Research -- Analyst Not that fun. Elon Musk -- Chief Executive Officer and Product Architect Yeah, exactly. Hopefully, we haven't had World War III by then. So the -- we do see constraints in refining of the materials necessary for lithium ion batteries. I do want to emphasize this as -- it is not due to a scarcity of the raw material. In the case of lithium, lithium is one of the most common elements on Earth. It's pretty much everywhere. But refining of the lithium into ultra-high purity battery-grade lithium hydroxide, lithium carbonate is quite difficult and requires a massive amount of machinery and it's a hard thing to scale. As it was also difficult to create the anode and cathode. I think -- my guess is maybe two-thirds of batteries will be iron phosphate or maybe iron phosphate with some manganese. And there's plenty of -- there's a ridiculous amount of iron. In fact, Earth is -- a little bit of trivia. says, what is Earth made of more than anything else? Iron. Iron is the No. 1 ingredient of Earth by mass. No. 2 is oxygen, which is wild. Yes. Basically rust. Actually, we're stuck together. We're a rust ball. That's roughly -- that's almost two-thirds of Earth, I think, is rust. We are like a rusty ball bearing with a little bit of other stuff. So -- but plenty of lithium. So anyway, there's not like a shortage of materials. Drew Baglino -- Senior Vice President, Powertrain and Energy Engineering But the other thing on the LFP thing is that it isn't just that there's more access to material that way. The actual refining process is less capital intensive to make a good LFP cathode. And so there's -- it's not just scalable on"
GOOGL,"Feb 2, 2021, 5:00 p.m. ET",2020-Q4,"aordinary opportunities we see, given the usefulness of our products and services in this environment. The investment pace will ramp up over the course of the year. As for Google Cloud, we've obviously been investing aggressively, given the substantial market opportunity we see. Under Thomas Kurian's leadership, we further accelerated investment to strengthen the position of the business. For example, we are on track to meet our near-term goal of tripling the size of the Cloud Direct sales force and have greatly expanded the partner channel. We've also substantially improved our product offering, while rationalizing our approach to focus on our six key industry verticals and we've invested in expanding our network of locations for compute capacity to support Cloud, ending 2020 serving customers in 24 regions and 73 zones. We're encouraged by the momentum in the growth of revenue and customer wins. We more than doubled revenues over the last two years from $5.8 billion in 2018 to $13.1 billion in 2020. Our backlog, which is nearly all attributable to Cloud, nearly tripled from 2019 to 2020. Although increases in backlog do not directly correlate to revenue trends, the growth in backlog demonstrates the success Google Cloud is having with large enterprises, which are signing meaningful long-term commitment agreements. Looking forward, we will continue to focus on revenue growth driven by ongoing investment in products and the go-to-market organization. Cloud's operating loss reflects that we have meaningfully built out our organization ahead of revenues, as we've discussed in prior quarters with respect to the substantial investments in our go-to-market organization as well as engineering and technical infrastructure. Operating loss and operating margin will benefit from increased scale over time. In addition, we are focused on delivering on efficiency efforts across the board to contribute incrementally to profitability over time. Finally, as you can see from the historical data provided in the press release, Cloud's operating loss was higher in the first quarter relative to other quarters. And then the operating loss improves thereafter. We expect similar seasonality in 2021. In terms of Other Bets, we continue to invest with a focus on the long-term value creation opportunity. On headcount, we plan to reaccelerate the pace of hiring in Google Services in line with our opportunities. Our headcount growth will also reflect the addition of Fitbit and our ongoing transition of certain customer support roles from third-party vendors to Google's in-house operation centers. We also plan to continue to prioritize investment in both sales and technical roles for Google Cloud. Turning to capex at a consolidated level. The year-on-year results this quarter again reflect the slower pace throughout 2020 of investment in office facilities. Within technical infrastructure, servers continued to be the largest driver of investment in the fourth quarter followed by data centers. Looking ahead, we expect a return to a more normalized pace of ground-up construction and fit-out of office facilities, which translates into a sizable increase in capex in 2021. Servers will continue to be the largest driver of spend on technical infrastructure. Finally, a housekeeping point. As noted in our earnings press release, we have adjusted the estimated useful lives of servers and certain network equipment starting in 2021. We expect these changes will favorably impact our 2021 operating results by approximately $2.1 billion for assets as of year-end 2020. We look forward to the year ahead. Hope everyone stays safe. Thank you. And now Sundar, Philipp and I will take your questions. Questions and Answers: Operator Thank you. [Operator Instructions] And our first question comes from Eric Sheridan from UBS. Your line is now open. Eric Sheridan -- UBS -- Analyst Thank you so much for taking the question. And I hope everyone is safe and well on the team there as well. Maybe I'll try first on Cloud. I don't know if it's better to Sundar or to Ruth, but can yo"
NFLX,"Jan 19, 2021, 6:00 p.m. ET",2020-Q4,"ut he's a voice about how to build large subscription businesses, which he's done. He's enormously sophisticated at dealing with governments, which, as we grow, is an increasingly important skill for us to have. So think of him as a great global advocate for us. He also knows Europe very well and the rest of the world reasonably well. So I think it's -- we've been broadening our global board membership, and it's a continuation of that. And again, Africa has a ton of potential. We're doing more content there. We're growing our membership. But again, that's not Strive's role specifically. Kannan Venkateshwar -- Barclays -- Analyst And just looking at the rest of the world, I mean, there's been a lot of small transactions. And Spencer, this one might be for you, and I'm sure the others will chime in as well. But there have been a couple of streaming services in Southeast Asia, which, essentially, were acquired by some of the Chinese Internet majors. Sony, of course, did the acquisition of Crunchyroll. So there's been interesting assets which could have helped you scale potentially faster but obviously passed on it or did not really show any interest in these assets. So could you help us think through what kind of assets you guys would care about? Is it more like the Millarworld assets? Or why are these assets not interesting? Spencer Wang -- Vice President, Investor Relations and Corporate Development Sure. To answer the first question, Kannan, with respect to other streaming services, our view is many people subscribe to multiple different services. So acquiring another one just for their members doesn't really help us. And we wanted to stay focused on capturing and earning that subscription from each person organically rather than just doing some sort of M&A deal. So that's sort of point one. Point two, in terms of your other question around what are we interested in, it is largely around things that can help us bolster our core business, which is entertainment and specifically content assets inclusive of things like intellectual property that we can hopefully turn into great TV shows and great movies. Ted Sarandos -- Co-Chief Executive Officer and Chief Content Officer I would just add that historically, we've been builders, not buyers. And years ago, I used to try to get the team to wrap their head around the potential scale of the business by saying things like someday we'll be so big, we'll have a VP of anime. And then some days now, we're one of the largest producers of anime in the world. So you think about those kind of things now, and it's like what would you -- when you look at those assets, they're primarily distribution assets, not really IP assets. So that's -- and we've been taking the approach like with our unscripted programming, with our anime, with our animated features, with the big budget original film, we're building over a couple of years versus acquiring. Spencer Wang -- Vice President, Investor Relations and Corporate Development We have time for one more question, please. Kannan Venkateshwar -- Barclays -- Analyst Got it. Spencer, maybe -- sorry, Reed, I'll ask you this final question more with respect to the longer-term outlook for the business. And Ted, obviously, feel free to chime in as well on this one. But is there any regrets you guys have had in terms of things that you guys could have done but did not do? And one instance that comes to mind is something like Roku, if it was part of the company instead of being spun out. And also when you look at the competitive landscape, what do you perceive as the real competition? Is it streaming services? Or does it come from outside, from things like Fortnite, which you've mentioned in the past as an engagement driver for consumers? Ted Sarandos -- Co-Chief Executive Officer and Chief Content Officer Reed? Reed Hastings -- Co-Chief Executive Officer I think it was directed to Spencer. So I was going to -- I was going to see how he answers this one. Spence Neumann -- Chief Financial Officer I could take a stab at it. I mean -- and then I'll pass it ove"
AAPL,"Apr 28, 2021, 5:00 p.m. ET",2021-Q2,"n Cross with Cross Research. Please go ahead. Shannon Cross -- Cross Research LLC -- Analyst Tim, I had sort of a big picture question on iPhone. I'm just curious, there are so many different things happening in this cycle, 5G, pandemic. How are you thinking about the opportunity for refreshing the installed base and attracting new customers? And are you seeing lives shorten given some of the programs that are being put out there by the carriers and by yourself? Just kind of maybe big picture, if you can talk about what you're seeing in terms of iPhone out there in the market. Tim Cook -- Chief Executive Officer Sure, Shannon. We saw double-digit increases on a year-over-year basis on both the new to iPhone and upgraders. And in fact, in the March quarter, there was actually a record number of upgraders for a March quarter. And so, we like what we see. It's obviously the early days of 5G. Different countries are in different points. But penetration is still -- on a global level, is still low at this point. And so, a lot of the 5G upgrades will be in front of us, not behind us. You see in China, things have moved quickly to 5G. They're moving quickly in the United States. But a lot of the other regions are slower to adopt and slower to gain coverage in 5G. Shannon Cross -- Cross Research LLC -- Analyst OK. And then, Luca, can you talk about gross margin? I mean, 42% is higher than it's been that I can kind of remember actually at this point. So maybe if you talk about the drivers of gross margin. And maybe if there were any offsets from higher component costs or the logistics costs that obviously were overshadowed by currency and other things. Luca Maestri -- Chief Financial Officer Yeah, Shannon. Yes, we did 42.5% during March, and we've guided to similar, slightly lower levels for June. So for March, we were up 270 basis points sequentially, really driven by three major factors. Cost savings, which has been good for us during the cycle. A really strong mix, a strong mix on iPhone, but in general, across all product categories, and that obviously was helpful. And foreign exchange sequentially, again, from December to March, was favorable 90 basis points. So that helped as well. So those are the three major factors there. As we transition into June, as you know, that we will expect some level of deleverage but that will be offset by cost savings. Foreign exchange doesn't have much of an impact as we go from March to June. Shannon Cross -- Cross Research LLC -- Analyst Thank you. Tejas Gala -- Director, Investor Relations, and Corporate Finance Thanks, Shannon. Operator We'll now take our next question from Amit Daryanani with Evercore. Amit Daryanani -- Evercore ISI -- Analyst Thank you for taking my question. I have two as well. First one, just on services. I think 90 days ago, the expectation was that line item would decelerate a little bit into the March quarter. It turned out it actually accelerated for us. I'd like to just understand what do you think drove that acceleration specifically? And is mid-20% sort of the growth norm as we go forward for services? Luca Maestri -- Chief Financial Officer So Amit, the -- our services business did better than what we were expecting when we had the last call in January. It was stronger across the board. One of the things that we've noticed is that throughout COVID was that obviously digital services have done very well. And then, we've had a couple of categories like Apple Care because many of the points of sale and stores were closed and advertising because of the reduced economic activity that were negatively affected during COVID. During the March quarter, we've seen a return to growth on Apple Care and obviously, we've reopened a lot of the stores during the course of the quarter. And advertising, obviously, consumer sentiment has improved, and advertising is coming back. And so, the combination of these factors really delivered this very, very strong performance during the March quarter. As we look ahead, as you know, we don't provide specific guidance for our product cate"
NVDA,"Nov 17, 2021, 5:00 p.m. ET",2021-Q3,"n even demonstrate it to you that in many areas we have seen million X speed up and has completely revolutionized those industries, computer graphics is of course one of them. Omniverse would not be possible without it. And so the work that we're doing with digital biology, protein synthesis, which is likely going to be one of the large industries of the world that doesn't exist today at all. Protein engineering and the protein economy is likely going to be very, very large. You can't do that unless you are able to get million X speed up in the simulation of protein biology. And so those are -- and not to mention some of the most imperative comps that we have to build and engage. Climate science needs million X, billion X speed up and we are at a point where we can actually tackle that. And so in each one of these cases we have performed, we have to focus our resources to go and accelerate those applications and that translates to growth. Until then, they run on GPUs. And we look at a lot of today speech synthesis and speech recognition system, it still uses fairly traditional or mixture of traditional and deep learning approaches for speech AI. NVIDIA Riva is the world's first, I believe, that is end to end deep neural network. And we've worked with many companies in helping them advance there, so that they could move their clouds to our neural-based approaches. But that's one of the reasons why we do it, so that we could provide the reference, but we can also license it to enterprises around the world, so that they could advance it for their own use cases. And so one application after another we have to get it accelerated, one domain after another we have to get it accelerated. One of the ones that we're excited about and something that we've been working on for so long is EDA, even our own industry, Electronic Design Automation, for the very first time we announced the EDA using GPU accelerated computing, whether it's because of the artificial intelligence capability, because EDA is very large combinatorial optimization program and using artificial intelligence you could really improve the design quality and design time. So we're seeing from all the major game vendors, from chip design to simulation to PCB design and optimization, design synthesis, moving toward artificial intelligence and GPU acceleration in a very significant. And then we see that with a mechanical CAD and traditional CAD application now also jumping on to GPU acceleration is getting very significant speed ups. And so I'm super excited about the work that we're doing in each one of these domains. Because every time you do it, you open up brand new market and customers that never used NVIDIA GPUs now can, because ultimately people don't buy chips, it cannot solve problems. Without a full stack, without software expertise, you can't really commence the enabling technology, what the chip provide and ultimately solve the customers' problems. Operator Your final question comes from the line of Timothy Arcuri from UBS. Timothy, your line is open. Timothy Arcuri -- UBS -- Analyst Thanks a lot. Colette, I had a question about gross margin. Are there any margin headwinds maybe on the wafer pricing side that we should sort of think about normalizing out, because gross margin is pretty flat between fiscal Q2 and fiscal Q4. But I imagine that's kind of masking a strong underlying margin growth, especially as Data Center has been actually driving that growth. So I'm wondering if maybe there are some underlying factors that are sort of gating gross margin? Thanks. Colette Kress -- Executive Vice President and Chief Financial Officer Yes. So we have always been working on our gross margin and being able to absorb a lot of the cost changes along the way, architecture-to-architecture really. So that's always based into our gross margin. Our gross margins right now are largely stable. Our incremental revenue, for example, what we're expecting next quarter will likely align to our current gross margin levels that we finished in terms of Q3. Our largest driver always c"
GOOGL,"Apr 26, 2022, 5:00 p.m. ET",2022-Q1,"ome Depot improve their call containment by 185%, creating a more positive customer support experience. We are proud to share that more than 700 technology partners power their applications with our data cloud. Third, our open secure infrastructure remains a differentiator as it enables customers to run their workloads and apps where they need them. This is winning global brands like Dun & Bradstreet, Boeing, and Kyocera. Our product leadership continued with the release of Tau VMs, which powers price performance that's more than 40% better than any other leading cloud; and Google Distributed Cloud Edge, a new edge solution designed to run telecommunication networks at scale, which is helping Bell Canada evolve its 5G network. And we further expanded our regional footprint globally. Leading companies like Mahindra are choosing us for large-scale IT transformations and migrating their data centers to Google Cloud, while Sony's Crunchyroll uses our infrastructure and networking capabilities to power the largest anime streaming service in the world. Our scalability enables Ninja Van, the leading logistics provider in Southeast Asia, to handle more than 10x their normal traffic during peak times. Finally, we continue to advance Google Workspace. To support hybrid work, we recently introduced new collaboration features, including bringing Google Meet directly into Google Docs, Sheets, and Slides. You can now see and hear your team as you collaborate in real time without the need to schedule meetings. Google Meet can now live stream to up to 100,000 people who can also participate in Q&A and polls. We also launched the next wave of innovation in Google Docs with smart canvas, including auto-generated summaries and pageless format in Docs, smart chips, and automating workflow using Gmail. Smart canvas has seen very rapid uptake with more than 6 million checklists and 6 million smart chips being added to documents each week. These innovations are helping employees adapt to hybrid work at large enterprises like Equifax and Ocean Network Express, digital natives including Flipkart and organizations like the University of Alberta. Finally, our other bets. This month, Waymo became the first company to run fully autonomous ride-hailing operations in multiple locations simultaneously. Today, employees can take rider-only trips in San Francisco, joining the growing number of public Waymo One riders in Phoenix. Wing launched its on-demand drone deliveries in the Dallas-Fort Worth area. In the first quarter of 2022, Wing completed over 50,000 commercial deliveries. That's up more than three times year over year. As you know, sustainability continues to be a big focus for us. In addition to our own ambitious goals to operate on 24/7 carbon-free energy by 2030, we recently joined Frontier, a new coalition with Stripe and many others, jointly committing more than $900 million to accelerate carbon removal solutions. Before I close, we remain deeply concerned about the war in Ukraine and the humanitarian crisis unfolding in the region. While I was in Warsaw, Poland last month, I met with many leaders across Central and Eastern Europe to reaffirm our commitment to the region. We are finding ways for our products and platforms to be helpful, including enhanced features on Search to help refugees find resources. Across all these efforts, I feel inspired by the ways that our teams at Google work to help people in moments big and small. With that, let me thank Googlers everywhere for their contributions this quarter. Over to you, Philipp. Questions & Answers: Operator Thank you. [Operator instructions] And our first question comes from Brian Nowak from Morgan Stanley. Your line is now open. Brian Nowak -- Morgan Stanley -- Analyst Thanks for taking my question. I have two. The first one, Ruth, wondering, could you talk to us at all about sort of the shape of the ad business growth throughout the first quarter, understanding there's some uncertainty around Ukraine, etc.? And then what have you seen sort of quarter to date in the overall Search bus"
GOOGL,"Oct 29, 2020, 4:30 p.m. ET",2020-Q3,"dware. How does hardware and broadly tying the Assistant into the hardware strategy fit broadly, Sundar, into your view for where the Search is going for the medium to long term? Thanks so much. Sundar Pichai -- Chief Executive Officer, Google Thanks, Eric. Good questions. On Search you're right, today, particularly with mobile and with ambient computing, that is you having access to computing across other form factors. I think information both you go looking for it and there are time it's important that you have relevant information at your fingertips. So, I do think about it as a holistic user journey. And obviously in Search, we'll continue to evolve. Discover has been very good in terms of -- Discover and YouTube, both play a role in making sure people are getting relevant information and I think for us it's important, holistically, we are meeting user's information needs and out of which the monetization opportunity also works as well. So long -- this is why, be it Discover or be it how we pick up on YouTube, all of that matters for us. On your second question, on Hardware, I'm excited about the -- we are doing some deeper investments in hardware, which are -- some of it takes two to three years to come together and so I'm excited at the terrific roadmap ahead. I think we have definitely shown with Pixel 4A, Pixel 5, clear value proposition and we'll build on that. Our portfolio, we are thoughtfully thinking about what are the important form factors which matters and we do think about it with the view of where Search and Assistant will be important as well. So in many ways hardware is there to strategically benefit both how we guide the Android ecosystem, how do we make sure information is right there at user's fingertips? And so those are both strategic views we take into it as well. But I'm excited about the roadmap ahead. And next year, you will see us lean more into -- some of our deeper investments will come into play there. Operator Thank you. And our next question comes from Doug Anmuth from J.P. Morgan. Your line is now open. Doug Anmuth -- J.P. Morgan -- Analyst Thanks for taking the question. Ruth we appreciate the incremental color on 3Q and 4Q expenses. Was just hoping that you could help us understand the cost structure a little bit more kind of as we're coming out of this. And just whether you're anticipating any more notable changes, just coming out of the pandemic kind of around the sustainability of the margin improvements that you saw in this quarter? Thanks. Ruth M. Porat -- Senior Vice President and Chief Financial Officer, Alphabet and Google Thanks for that Doug. So, as I said, as a result of COVID, we did make tactical adjustments to slow the pace of spend in certain categories, and that started late in the first quarter and in part that's what you see here, plus the impact from the improvements in revenue performance. And we do remain focused on optimizing efficiency where we can. We've said that on many prior calls, but as we've also discussed with you on prior calls as well as Sundar and I noted today, we are committed to making the right investments to support long-term profitable growth. And I think what's exciting in this environment, there appears to be an acceleration in digital transformation that underscores the importance of the products and services that we provide and the longer-term opportunity. So we will continue to invest to best position us for the long-term opportunity. An obvious example is Cloud. We do intend to maintain a high level of investment, given the opportunity we see. That includes the ongoing increases in our go-to-market organization, our engineering organization as well as the investments to support the necessary capex. So hopefully that gives you a bit more color there. Doug Anmuth -- J.P. Morgan -- Analyst Thank you. Operator Thank you. And our next question comes from Heather Bellini from Goldman Sachs. Your line is now open. Heather Bellini -- Goldman Sachs -- Analyst Great, thank you very much for taking the question. Sundar, I had a question for you. Jus"
AMZN,"Jul 28, 2022, 5:30 p.m. ET",2022-Q2,"rkets. And that's investments in Prime Video, not just in some of the flagship shows that are kind of sourced here in the U.S., but also you've seen us continue to push for opportunities for -- in country and local language, video content that resonates with customers and can be a meaningful reason people sign up for the Prime program, engage and renew. And we're also investing depending on the regions and kind of the local structure, infrastructure, for lack of a term, whether that's building out payment methods, third-party transportation services, even in some cases, the Internet and the telecom infrastructure. So we're playing a role along with others. It's not just us investing in ways to create and enable that infrastructure to be successful. So those are some of the opportunities and challenges that as you think about kind of where we are in the U.S. versus international that are out there, the network complexities. Of course, there are some regulatory hurdles and other differences out there. But we think it's important to continue to invest in those opportunities and learn from what we're -- not just in what we've done in the history with the U.S., but also in many of these countries and keep that flywheel spinning and continue to serve customers in more efficient ways. Operator Our next question comes from Youssef Squali with Truist Securities. Youssef Squali -- Truist Securities -- Analyst I have two questions. One, can you discuss the impact the price action you took on Prime, on merchant fees, etc., ahead on retention during the quarter? And do you feel that that's enough to offset the inflationary pressures we're seeing to date. And then on Buy with Prime, I know it's early, but how do you see the rollout of this initiative from it being by invitation only today to whole merchants using FBA to off Amazon merchants, etc. And just kind of the implications on broader implications on the business from that initiative. Brian Olsavsky -- Chief Financial Officer Sure. Thank you, Youssef. So first on the -- let's take them one at a time. So on the Prime fee increase earlier in the year. We're happy with the results we're seeing in the Prime program. Prime member membership and retention is still strong. I think that change has been above our expectations positively. And I think the benefit of the program continues to get better and better. And as I mentioned, in-stock has never been higher. Delivery speed is increasing. So not to mention a lot of the new content, especially on the video side that will be coming in the fall. So we feel good about the program and the state of the Prime members after a very rough couple of years of pandemic turmoil, and we think it's a good base to build upon. So on the seller fee, again, we added that fee grudgingly in May to compensate for some of the inflationary pressures we're seeing. I don't want to give you the idea that either of those fee increases came close to covering our costs. You can see from our operating results, some of it's internal related, but a lot of it's external factors that there -- we are not passing through that at 100% to external groups. And it's -- we've got to work our way out of the condition we're in. And we're making good progress in Q2 and expect to keep pressing on that in the second half of the year. But we saw strength in the seller results in Q2, as we mentioned on the percentage mix. So I think sellers are -- sellers business remains strong and an integral part of our customer offering. Dave Fildes -- Director, Investor Relations Youssef, this is Dave. On your Buy with Prime question, yes. I mean, right now, it's allowing U.S.-based Prime members to shop directly from merchants on the online stores. And it's with the experience they expect and kind of come to expect with Amazon. That's the fast free delivery, that seamless checkout, and free returns on orders that are eligible. It is -- right now, the program is available, as you mentioned, invitation-only for merchants that are already using FBA, and it will expand throughout this year as we'll"
GOOGL,"April 29, 2019, 4:30 p.m. ET",2019-Q1,"nce Anthos, which gives customers a very elegant solution to both hybrid cloud and multi-cloud in a single technology stack. The early feedback from analysts, customers and partners has been really great. We also announced innovations across many of our other products that enable developers to build and deploy AI, help enterprises to better secure their data, allow Android users to leverage their phones as a security key and much more. We are also deeply committed to becoming the most customer centric cloud provider for enterprise customers and making it easier for companies to do business with us, thanks to new contracting, pricing and more. Today 9 of the world's 10 largest media companies, 7 of the 10 largest retailers and more than half of the 10 largest companies in manufacturing, financial services, communications and software use Google Cloud. Some of the companies that we announced at Next included the American Cancer Society and McKesson in healthcare. Media and entertainment companies like USA Today and Viacom. Consumer package goods brands like Unilever, manufacturing and industrial companies like Samsung and UPS and public sector organizations like Australia Post. Finally, to support our customers' growth, we also announced the addition of two new cloud regions in Seoul and Salt Lake City, which we plan to open in 2020. These new cloud regions will build on our current footprint of 19 cloud regions and 58 data centers around the world. 20 years in and over 100,000 employees strong, I'm incredibly proud of the work that our teams at Google do every day. We have so many bright opportunities ahead and seizing those opportunities starts with our investment in the communities where we operate, around the world and right here at home. In the US, not only are we expanding our workforce across the country, but we are helping people in every state gain the digital skills they need to succeed in today's economy. In fact, just one year after kicking off our collaboration with Goodwill, a quarter of a million Americans have learned new digital skills and 27,000 have found a job. We also feel a deep responsibility to make sure that we -- that as we grow our business, we are doing it with minimal impact on the environment. Today, a Google data center uses 50% less energy than a typical data center, while delivering 7 times more computing power than we did five years ago. Since 2017, we have matched 100% of the electricity consumption of our operations with purchases of renewable energy and I'm proud that Google is the world's largest corporate buyer of renewable energy. I've never been more excited about Google and where we are headed. I want to thank every Googler around the world for joining us on that journey. With that, I'll hand it back over to Ruth. Ruth Porat -- Senior Vice President and Chief Financial Officer Thank you, Sundar. And we will now take your questions. Questions and Answers: Operator Thank you. (Operator Instructions) And our first question comes from Eric Sheridan of UBS. Your line is now open. Eric Sheridan -- UBS -- Analyst Thanks for taking the question. Maybe a couple of parts on the revenue performance of the quarter. Ruth, you had called out potential volatility on the Q4 earnings call. I wanted to understand a little bit about what you were calling out in Q4 and how that might have manifested itself in Q1 on the product side of the equation, so we could just better understand how much of it was isolated to Q1 or it might be a headwind as we move through the year? And as you look at the individual performance of the ads divisions inside, Sites, Desktop, mobile search, YouTube, it seems like you were still calling out strength in mobile search and YouTube. So could it be Desktop Search, where we actually saw some weakness in the quarter? Thanks so much for any granularity and color on that. Ruth Porat -- Senior Vice President and Chief Financial Officer Sure. Thanks, Eric. So I'll try to step back and start at the highest level. Obviously, on a reported GAAP basis, revenue growth in Q1 reflects t"
MSFT,"Apr 27, 2021, 5:30 p.m. ET",2021-Q3,"to be competitive in each layer, and then the coming together of each layer into a cohesive, coherent architecture of the full stack or the Microsoft cloud creates that differentiation. And that will define what we think is going to be increasing share for us as tech itself as a percentage of GDP doubles. So if you look at it -- whether it's on the hybrid infrastructure or the multi-cloud, multi-edge world, which, I believe, is going to be the world 10 years from now, we are very well positioned. We have led in it, we currently lead in it, and we plan to continue that. When it comes to data, when I look at even what we've been able to do with Synapse even in the just last year and what that can do both at the cloud and the edge. When it comes to AI, what we are doing with OpenAI and our cognitive services or what we're doing with Power Platform. Developer SaaS, one of the most exciting things, again, that I believe is the next 10 years is going to be about developers and the digital capability in every enterprise, and we are the leaders there. When you think about VS Code, as well as GitHub. And then, of course, all of the things that we're doing with Microsoft 365 and Dynamics on the industry side. So ultimately, we don't take anything for granted. But that said, we're well-positioned for what is expansive TAM and with competitive differentiation both in the individual layers of the stack, as well as the cohesiveness of the stack itself. Kash Rangan -- Goldman Sachs -- Analyst Got it. Thank you so much. That just sounds like a share gain story. Thank you so much. Appreciate it. Brett Iversen -- General Manager, Investor Relations Thanks, Kash. Operator, next question, please. Operator Our next question comes from Gregg Moskowitz with Mizuho. Please proceed with your question. Gregg Moskowitz -- Mizuho Securities -- Analyst OK. Thanks very much for taking the question. Satya, in your prepared remarks, you spoke about an increase in verticalization of Azure. Can we double-click on that a bit more? How much incremental opportunity do you see in industries like financials, like manufacturing? And are there other verticals that may make sense to more actively pursue over time as well? Satya Nadella -- Chief Executive Officer Thank you for the question. We absolutely think that ultimately, customers are looking to increase their time to value, lower cost, and improve agility. So being able to customize these workflows, to come up with industry schemers because when you think about increased digitization and workflow automation, it does take that next level of schematization of what is perhaps today not digital inside an industry. And so, therefore, what we do by stitching together, coming together of even Microsoft 365, Teams, Power Platform with certain workflows with data inside of Azure, as well as Dynamics, that absolutely improves the ability for any customer in any one of these industries to improve their time to value. So, yes, it is going to both help us with adoption rates increase, the speed with which it increases and it also differentiates us. And we'll continue to look. And one of the other things that we're doing, this is not just one industry at a time, it's also the cross-industry workflows. So we absolutely believe that that we already talk about not just any individual part of our cloud, we talk about only one thing, it's called the Microsoft Cloud. And now we're increasingly talking about Microsoft Cloud by industry and cross-industry. Gregg Moskowitz -- Mizuho Securities -- Analyst Very helpful. Thank you. Brett Iversen -- General Manager, Investor Relations Thanks, Greg. Operator, we have time for one last question. Operator Our final question will come from the line of Raimo Lenschow with Barclays. Please proceed with your question. Raimo Lenschow -- Barclays Investment Bank -- Analyst Hey, thanks for squeezing â thanks for squeezing me in. I wanted to ask about security and what we see in terms of changes of the industry and how Microsoft is kind of fit in there where, obviously, in the last quarter,"
JPM,"Oct 13, 2021, 8:30 a.m. ET",2021-Q3,"num -- Chief Financial Officer Yeah. That's going to take time for sure. So -- but just more generally, in terms of the acquisition strategy, we've talked about this a little bit before. We're not claiming that we have some overarching top-down acquisition strategy. I think broadly, we're just doing things that make sense. But there are some themes that you can detect around bolt-on and adding capabilities. Just for the sake of argument, if you start with AWM, you see a pretty consistent theme in there of ESG-related capability additions. You've mentioned already international expansion and the potential for growth and it will be a long game, as Jamie says. And then, yes, there's definitely a fintech narrative a little bit in terms of some of the stuff that we've done in the CIB. And then within consumer, most recently, the collection of things that we've done, I think, is unified by the theme of providing more integrated and holistic experiences to our customers. We've always been very proud of the value proposition that we offer, especially in the card product. But we think we can take it up even another notch with some of the stuff that we're doing around lounges and cxLoyalty and stuff like that. So I think I touched on everything there, Mike. Mike Mayo -- Wells Fargo Securities -- Analyst Yeah, you certainly did. And just a follow-up. I mean we see the results. The marginal efficiency in the businesses where you're growing has improved and we just don't have the why. So how much of that is tech driven versus other reasons? I mean I guess you have metrics internally that we just don't have. But your marginal efficiency is what or your unit costs are going down or any additional color as to the why the marginal efficiency is improving. Jeremy Barnum -- Chief Financial Officer Yeah. So I mean I think reasonable people can differ on how you talk about this stuff, especially in terms of what parts of the expense base you see is a little bit more fixed versus a little bit more floating. I would have said that in reality, marginal expense increases as a function of most types of marginal revenue are actually lower than a lot of people think. So the sort of operating leverage that you see, especially in the type of environment that we've had with really big increases in revenue in the capital markets areas in the NIR side, is actually relatively consistent with what I would have expected. But a little bit to your point, Mike, what's also true is that we're a big organization. There's a scale play here. We have a big fixed cost base. And a lot of the modernization agenda is about making sure that, that doesn't creep and that it's as expensive as possible so that it can be as nimble as possible. And that marginal efficiency over time is as good as possible, but that's a long play there. Jamie Dimon -- Chairman and Chief Executive Officer Just to add, Mike. One of the things as you think about -- one is you -- people worried about the forecast for next year and stuff like that. We're playing the game for 10 years here. So we're going to -- and we're not going to disclose certain things like margin by product or something like that because it's competitive information. But the long game, we are competing with some very large, talented global players who are not even in banking today. And we are going to compete in that. So even some of these acquisitions are more around that than around just what I consider traditional banking. And so -- and my whole life, just so you know, we've been modernizing technology. Every year of every month of every quarter, that's like a permanent state of affairs. Obviously, now it's to the cloud and stuff like that. Those things are critical to do to be competitive going forward. That was true, by the way, 20 years ago. Mike Mayo -- Wells Fargo Securities -- Analyst Got it. Thanks. Operator Next up, we have a question from Ken Usdin from Jefferies. Your line is open. Please proceed. Ken Usdin -- Jefferies -- Analyst Thanks. Good morning. I wanted to ask if you can expand a little bit more upon card"
AMD,"Jul 27, 2021, 5:00 p.m. ET",2021-Q2,"ater than 20% in the second quarter. We expect data center revenue to continue growing faster than overall revenue based on the strength of our EPYC processors and Instinct accelerators and the significantly expanded engagements we have built with the leading OEMs and largest MDCs. Turning to our Xilinx acquisition. We passed additional milestones in the quarter and received unconditional regulatory approvals in multiple jurisdictions, including in the EU and the United Kingdom. We remain on track to close this strategic transaction by the end of the year and are excited about the opportunities ahead. In closing, I'm extremely pleased with our execution as our business accelerated considerably in the first half of the year. Based on growing customer preference for our products and strong supply chain execution, we now expect annual revenue to grow by approximately 60% year over year, up from approximately 37% growth we guided at the beginning of the year. Our engineering teams are aggressively driving our product and technology road maps to continue setting the pace of innovation for high-performance computing. We remain on track to launch next-generation products in 2022, including our Zen 4 processors built with industry-leading 5-nanometer process technology and our RDNA 3 GPUs. We also recently demonstrated the next major advance in our triplet strategy with our differentiated 3D die stacking technology that enables significantly denser and more efficient connections between stacked chips. Based on the strength of our long-term road map and the deep partnerships we have established, we expect to continue growing significantly faster than the market. In summary, we are making great progress toward our ambitious goal of establishing AMD as a high-performance computing leader and a best-in-class growth franchise. Now I'd like to turn the call over to Devinder to provide some additional color on our second-quarter financial performance. Devinder? Devinder Kumar -- Executive Vice President, Chief Financial Officer, and Treasurer Thank you, Lisa, and good afternoon, everyone. AMD had another outstanding quarter. Our high-performance computing product momentum is driving record revenue growth, record profitability and significant cash generation. Second-quarter revenue was $3.85 billion, up 99% from a year ago and up 12% from the prior quarter. Year-over-year growth was driven by significant revenue increases across all businesses. Gross margin was 48%, up 360 basis points from a year ago, driven by an improved revenue mix and higher margin contribution from all businesses. Operating expenses were $909 million, compared to $617 million a year ago as we continue to invest in business growth and our long-term product road maps. Operating income was $924 million, up $691 million from a year ago, driven primarily by revenue growth. Operating margin doubled to 24%, up from 12% a year ago. Net income more than tripled to $778 million, up $562 million from a year ago. Diluted earnings per share was $0.63 per share, compared to $0.18 per share a year ago. This includes a 15% effective tax rate in the second quarter of 2021, compared to 3% a year ago. Now turning to the business segment results. Computing and Graphics segment revenue was $2.3 billion, up 65% year over year, driven primarily by significantly higher client and graphic processor revenue with a richer product mix in both businesses. Computing and Graphics segment operating income was $526 million or 23% of revenue, compared to $200 million or 15% a year ago. Enterprise, Embedded and Semi-Custom segment revenue was $1.6 billion, up 183% from $565 million the prior year. The strong revenue increase was driven by higher semi-custom product revenue and EPYC processor sales. EESC segment operating income was $398 million or 25% of revenue, compared to $33 million or 6% a year ago. Turning to the balance sheet. Cash, cash equivalents and short-term investments were $3.8 billion, up from $3.1 billion at the end of the prior quarter. Free cash flow was a record $888 million, co"
AMD,"Apr 27, 2021, 5:00 p.m. ET",2021-Q1,"clearly gained a couple of points of share in March. Intel was talking about they're being more aggressive on their percent of 10-nanometer product. Maybe just talk about the competitive landscape as you look through the rest of the year. And are you seeing any change to that landscape as they ramp 10-nanometer? Lisa Su -- President and Chief Executive Officer Yeah. So, Blayne, I think the PC business has certainly had a very strong second half of last year and is strong this year. I think within that, we feel very good about our progress, particularly in notebooks and particularly in the premium segments of notebooks. So we had a strong record quarter for our notebook business. Our ASPs were up sequentially and year over year. I think we're seeing traction in sort of the premium ultrathin, gaming, and commercial. We feel very good about the platforms that we have and the platforms that we have throughout the year. Ryzen 5000 is a very competitive product. I will say that there are lots -- a bit of low-end units have come into the market, but our focus on the premium segments have done very well. So overall, pleased with the PC environment and feel that we're very competitive. Blayne Curtis -- Barclays Investment Bank -- Analyst Thanks. Operator Thank you. Our next question is coming from Aaron Rakers from Wells Fargo. Your line is now live. Aaron Rakers -- Wells Fargo Securities -- Analyst Thanks for taking the question and congratulations on the quarter. I wanted to ask a little bit about the server CPU cycle. I know you've talked about kind of an expanding footprint with the cloud guys. But I'm curious of where we stand today as far as more of the traditional OEMs, the progression of their systems. I think you've said 100-plus systems. When do you think that those will all be shipping in the market? And how would you put the context of Milan relative to Rome on that front? And I have a follow-up. Lisa Su -- President and Chief Executive Officer Sure. So, Aaron, the data center business obviously is a very strategic focus for us. And with EPYC with each generation, we've really tried to expand the reach. I think here in the first quarter, what we saw is very strong results, doubling year over year. It is on the strength of cloud. But what we saw was both Rome ramping, so we saw Rome units up sequentially, and we also saw Milan ramping. And what that says, this is what we expected. We actually expected that we had a good footprint in Rome and that that would continue to be well deployed as we come into the first half of this year, and that's played out. And then Milan is just a very, very good product. I mean, it's extremely well-positioned. Not only do we have per socket leadership, but we have per core leadership, which, again, expands the footprint. So in terms of your question about cloud versus enterprise, we were more cloud-weighted in the first quarter as some of those instances, both internal and external, ramped. We would expect that enterprise, both enterprise, as well as HPC deployments, will increase as we go through the next couple of quarters. But we'll see Rome and Milan in the market together all through this year, and we expect strong adoption on the enterprise side. Aaron Rakers -- Wells Fargo Securities -- Analyst Yes. And then the other question kind of dovetailing off that is you talked in response to a couple of different questions. You've talked about visibility. Our visibility is very strong. It's improved, etc. So how would you characterize your visibility today relative to, let's say, what it was three months ago? And what gives you the confidence? Has there been something that's happened as far as discussions with the cloud guys that's given you more confidence in the visibility of the growth through the remainder of this year? Lisa Su -- President and Chief Executive Officer Yeah. So, Aaron, I mean, when we started this year, we expected to have a strong product cycle, just given everything that we saw in terms of platforms, design wins, sort of customer engagements, and process. But in the"
AAPL,"Jan 27, 2022, 5:00 p.m. ET",2022-Q1,"e of the disruption you've seen on the component side, manufacturing and logistics over the past couple of years. Are you starting to rethink your broader supply chain strategy or the manufacturing footprint on the back of the significant disruption? Are you happy with the overall geographic exposure that you see in the supply chain today? Tim Cook -- Chief Executive Officer Katy, if you sort of step back and look at how we've done, our largest issue by far has been the chip shortage. That is industrywide and on these legacy nodes, as I had mentioned earlier. And I think our supply chain actually does very good considering the shortages because it's a fast-moving supply chain. The cycle times are very short. There's very little distance between a chip being fabricated and packaged and a product being -- going out of factory. And so no, I don't see that it makes a fundamental change in the supply chain. Katy Huberty -- Morgan Stanley -- Analyst OK. And how are you thinking about the metaverse opportunity and Apple's role in that market? Tim Cook -- Chief Executive Officer Well, that's a big question. But we're a company in the business of innovation. So we're always exploring new and emerging technologies. And I -- you've spoken at length about how this area is very interesting to us. Right now, we have over 14,000 AR kit apps in the App Store, which provide incredible AR experiences for millions of people today. And so we see a lot of potential in this space and are investing accordingly. Tejas Gala -- Director, Investor Relations, and Corporate Finance Thanks. Can we take the next question, please? Operator Thank you. We'll take our next question from Amit Daryanani with Evercore. Amit Daryanani -- Evercore ISI -- Analyst I have two as well. I guess both up on the supply chain side, I think these continue to be fairly volatile. I'd love to get your perspective, if you feel, if things or supply chain issues are starting to alleviate or they still remain challenging. And then maybe I missed this, but could you perhaps tell us how much revenue was left on the table in December because of the supply chain issues? And how does that number shake up in March? Tim Cook -- Chief Executive Officer Yeah. Amit, what we've said in terms of December and March was that it's very difficult to estimate with great precision the constraints. But we said that they would be more than the Q4 or more than the September quarter, and we're saying that March will be less than the December quarter. And so that's the kind of verbiage that we placed around it. In terms of is it still challenging, yes, it is challenging. And for us, we pride ourselves on getting products to customers who really want them and try to do that in a fast basis. And so it's frustrating that we can't always do that at the speed that we would like. However, March is better than December. And so there's some encouraging sign there. We're not predicting with the [Inaudible] overall, obviously, because of the number of variables that go into such a prediction. Amit Daryanani -- Evercore ISI -- Analyst Fair enough. Tim, I think one of the topics investors can struggle a fair a bit with Apple is really just sort of understand visibility around your product road map, and I think some of your tech peers tend to be more vocal about their initiative. Some of them go change their name when they find an initiative. You folks are spending, I think, $23 billion on R&D in '21. So you're really spending a fair amount. And maybe without telling us the road map, could you just talk about how do you think about where to focus your R&D resources on? And to some extent, is the way to think about this R&D spend, how much of it is really done on things that are more evolutionary in products that are out in the marketplace versus things that we haven't seen yet are on potential new offerings? Tim Cook -- Chief Executive Officer You know, we have a little different model. We tried to announce things when they're ready or close to ready and try to maintain an element of surprise in the air. And"
META,"Feb 02, 2022, 5:00 p.m. ET",2021-Q4,"t by maybe age groups? And then probably another question for you. I'm curious about when you think we can start seeing the kind of the mesh in of apps like Instagram with AR and VR and the interoperability of these apps. Is that something where you think we're going to see gradually evolve? Or something that gets kind of opened only once the metaverse is sufficiently built up whenever that is? Thanks. Dave Wehner -- Chief Financial Officer Let me take the first one. Mark Zuckerberg -- Chief Executive Officer Sure. Dave Wehner -- Chief Financial Officer I can take the first one on user growth uses. You know, I think what we said about, you know, overall kind of user growth is we're certainly seeing an impact from strong competition, particularly with younger audiences. So that's true, and we're kind of seeing that globally. If you look at kind of the overall user growth landscape for the fourth quarter, you know, we're seeing MAU and DAU in the U.S. and Canada sort of bounce around at sort of expected and indicated, given our high level of penetration. And then, you know, if you look at the Rest of World, we've seen some headwinds there, kind of a little bit unique in the quarter in areas like India, where we saw data plan pricing increase lead to slower growth there. So that's another kind of some unique elements of the quarter on that front. Mark Zuckerberg -- Chief Executive Officer Sure. And in terms of when there's some aspects to the metaverse showing up, I mean I talked about avatars in my remarks at the beginning and how we're making it to kind of increasingly both expressive. And eventually -- and we've shown some demos around photorealistic avatars of yourself that you can show up in all the different apps and your avatar can show across Facebook and Instagram and Messenger, as well in Quest, and we'll expand that further. And I think I also commented before about our goal for 2022 to make it so that Horizon works not just in immersive VR but on 2D screens as well. Something you could potentially jump into those kind of worlds from Facebook or Instagram or different apps as well. So I think you're seeing some of that stuff will -- is already there. Some of it will come over the course of this year. Of course, the ability to message across apps is something that we've been working on for a while. You can already do that across Messenger and Instagram, and there's more there that we'll roll out over time as well. So I think, yeah, you are going to see this stuff work seamlessly across the family. Operator Our next question is from John Blackledge with Cowen. Please go ahead. John Blackledge -- Cowen and Company -- Analyst Great. Thanks. Two questions. Maybe first one for Mark. How has Reels differentiated versus TikTok, YouTube Shorts, and other short-form video services? And one for Sheryl, any further color on how SMBs are changing ad spend budget since the iOS changes? And is it slowing adoption of new SMB advertisers on Facebook? Thank you. Mark Zuckerberg -- Chief Executive Officer Sure. So I can start with Reels. You know, one of the things that I think we've seen is that there are some fundamental formats in social media like feeds and Stories, and now I think this Reels short-form video format, that within the context of a different network or community, the same format will take on different characteristics. So for example, the kind of discussions that you might have in a feed on Twitter or on Pinterest are different from what you would do in Facebook or Instagram, even given a relatively similar format. So I think, to some degree, even if a creator chooses to reshare their content across the number, you'll have different discussions with your friends across the different services based on who's there. And then there's a social dynamic where friends and different communities create these as well. So seeing somewhat different Reels across Facebook and Instagram, and I'm sure you see different stuff across TikTok, too. But what we're seeing is that this is all growing incredibly quickly. So it's hard to kn"
AMZN,"Jul 30, 2020, 5:30 p.m. ET",2020-Q2,"ogress on the cloud because they're seeing how companies that are on the cloud can turn into a variable cost and either scale up or scale down depending on their particular situation. They realize their on-premise infrastructure is not really flexible to go up or down. And especially in the time of sinking demand, it's a big fixed cost for them. So we're seeing migration plans accelerate. They're certainly not going to happen overnight, but we see companies moving more in that direction. We think that will be a good long-term trend. And there's certainly winners in this area right now, things like video conferencing, gaming, remote learning and entertainment. All are seeing usage growth,and it's a bifurcated world out there. On your e-commerce adoption, I think it's hard to tell. We're super encouraged by the fact that grocery delivery has picked up, and that's been accelerated versus what we would have thought. We certainly are glad to be there for our Prime members who are shopping more frequently and buying more. We do know that there's reasons that their other options are limited. I mean there are always retail options out there, especially to go pick up in store, but less people want to go into stores perhaps now. So we're going to have to see what is maybe a step-up in the curve and getting to a point quicker versus what are some one-time sales and things like, hopefully, things like masks and gloves and cleaning supplies in the fullness of time become one-time purchases, but we'll see. And sorry, your last point was on new customers versus existing customers. We're seeing similar trends. We're seeing good pickup in frequency and basket size for new members in Prime as well, certainly not the same as people have been Prime members for a number of years. But it's encouraging. And as you saw, Prime growth retention has increased. We've accelerated the growth of Prime members, both in the U.S. and internationally. So that's a good sign that we're happy about, and we hope that that has long-term ramifications. Operator Our next question comes from Ross Sandler with Barclays. Please proceed with your question. Ross Sandler -- Barclays -- Analyst Yeah. Just a follow-up to that last comment. So the Prime behavior for international Prime members, you guys have talked about how like in the 16, 17 countries, the overall service levels are a little bit behind, selection is a little bit behind. So has the last few months in the pandemic closed that gap meaningfully in terms of GMV per Prime member for international versus what you see in the U.S.? Any comments there? And then on the 3Q guidance, you pushed Prime day for western markets into 4Q. So how much of the deceleration -- it's obviously a really strong number for 3Q, but the growth rate is decelerating a little bit. Is that mostly from Prime Day? Or can you just talk about what kind of behaviors you're seeing right now as you go into 3Q? Thank you. Brian Olsavsky -- Chief Financial Officer Right. Well, we ramped up through the quarter in Q2 and ended up with 41% year-over-year growth on an FX-neutral basis. A lot of those trends are continuing into Q3. You see our revenue range is $87 billion to $93 billion coming off of $89 billion quarter. So I would say that if you look at the growth rate, that translates into somewhere in the 24% to 33% growth rate in Q3. So I can't break out exactly the Prime impact, but suffice to say, it's a big driver on why 41% growth in Q2 turns into 24% to 33% growth in Q3 on what turns out to be higher revenue volume. And then on Prime behavior, I can't really give you more on that because it is actually a very localized set of staff by country. In international, aggregate does not matter that much. And what I would say is, generally, what we're seeing is similar trends international in response to COVID purchasing patterns. I wouldn't say it closed the gap. I would say they both went up. And we'll see how it goes from there. I think there's definitely any differences in selection or differences in shipping. There's a myriad of factors that"
TSLA,"Jul 26, 2021, 5:30 p.m. ET",2021-Q2,"ere on Earth, something happens to mess up the supply chain. Yeah. Andrew Baglino -- Senior Vice President, Powertrain and Energy Engineering I think the human capital growth, though, of having factories here, Berlin, Shanghai, Fremont, does a lot to, maybe not exponentially grow, but well, hopefully -- Elon Musk -- Chief Executive Officer We are exponentially growing. Andrew Baglino -- Senior Vice President, Powertrain and Energy Engineering Hopefully maintain that exponential growth. Elon Musk -- Chief Executive Officer Yeah. It's also -- it takes a while to hire old people and train old people to operate a factory. A factory is like a giant cybernetic collective. And you can't just hire 10,000 people and have them work instantly. It's not possible. I really encourage more people to get involved in manufacturing. I think, especially in the U.S., this has just not been an area where all that many smart people have gone into. I think U.S. has an over-allocation of talent in finance and law. It's both a criticism and a compliment. I'm not saying we shouldn't have people in finance and law. I'm just saying if there might be -- maybe we have too many smart people in those arenas. Andrew Baglino -- Senior Vice President, Powertrain and Energy Engineering Manufacturing is fun. Elon Musk -- Chief Executive Officer Yeah, manufacturing is great. It's a very interesting problem to solve. And obviously, you can't have stock unless someone makes it. That's how you get stock. Yeah. Martin Viecha -- Senior Director, Investor Relations OK. Thank you very much. And let's go to the last investor question. Does Tesla plan to offer more services beyond FSD or high-speed connectivity as part of its subscription bundle going forward? What areas in particular present an opportunity? Elon Musk -- Chief Executive Officer Yeah, we don't have a lot of ideas on this to be frank. Really, Full Self-Driving is the main thing. Things are obviously headed toward fully autonomous electric vehicle future. And I think Tesla is well-positioned and in fact is the leader objectively in both of those arenas, electrification and autonomy. It's always tempting to try to find analogies, but with other companies, or whatever. But really, the value of fully electric autonomous fleet is generally gigantic, boggles the mind really. So that will be one of the most valuable things that's ever done in the history of civilization. Martin Viecha -- Senior Director, Investor Relations Thank you very much. And now let's go back to analyst Q&A, please. Questions & Answers: Operator [Operator instructions] Our first question comes from Colin Rusch with Oppenheimer. Your line is open. Colin Rusch -- Oppenheimer & Co. Inc. -- Analyst Thanks so much guys. Can you speak to the attached rates for FSD so far and where you're targeting in terms of the subscription levels? Elon Musk -- Chief Executive Officer Yeah, it's not worth commenting on right now. It's not meaningful. We really need Full Self-Driving at least the beta to be widely available so anyone who wants it can get it. Otherwise, it'll be pointless to read anything into where things are right now. So, yes. Colin Rusch -- Oppenheimer & Co. Inc. -- Analyst And then just the follow-up there is about the kin to the regulatory environment, keeping up with the technology. Are you seeing meaningful evolution in terms of the regulators really understanding the technology and beginning to set some standards here sometime in the near term? Elon Musk -- Chief Executive Officer At least in the U.S., we don't see regulation as the fundamental limiter. We've obviously got to make it work and then demonstrate that the reliability is significantly in excess of the average human driver for it to be allowed -- for you to be able to use it without paying attention to the road. But I think we have a massive fleet. So it will be, I think, straightforward to make the arguments on statistical grounds, just based on the number of interventions, especially in events that would result in a crash. At scale, it will have billions of miles of t"
JPM,"Jan 14, 2022, 8:30 a.m. ET",2021-Q4,"tates, an important milestone in our branch market expansion plans. We also continue to expand internationally, including 13 international markets as part of our commercial bank expansion, China in both our CIB and AWM businesses, and in the U.K. with Chase U.K., where we've seen exciting progress since we launched in September, although we expect this to be a multiyear journey before having a measurable impact on the firm overall. We continue to hire bankers and advisors in investment banking, private banking and wealth management, really across all of the wholesale and consumer footprint, where we believe we have opportunities to better penetrate geographies and sectors to continue to grow share. And as I just said, the point of our investment strategy is to secure the future of the company. So we're not making short-term claims about share outcome causality, but as you can see at the bottom of the page, our market shares are robust and growing broadly across the company. Turning to Page 14. In addition to all of our distribution-related investments, a critical foundational component of our strategy is technology, where we spend over $12 billion annually, with about half of that being investments or, as we sometimes call it, change the bank spend. It's important to understand what's in the investment category. About half of that is foundational and mandatory, which includes regulatory-related investments, modernization and the retirement of technical debt, in addition to other key strategic initiatives to help us face the future. On the left-hand side, you can see some more detail around this. Modernization, which includes migrations to the cloud, as well as upgrading legacy infrastructure and architecture; data strategy that enables us to extract the value that exists in our proprietary data set by cleaning it and staging it in the right ways and then deploying modern techniques against it; attracting and acquiring top talent with modern skills; and a product operating model, which is, obviously, a popular buzzword these days. But if you look through all that, it reflects the simple reality that the best products get delivered when developers and business owners are working together iteratively with end-to-end ownership. Underpinning all of this is our continued emphasis on cybersecurity to protect the firm and our clients and customers, as well as maintaining a sound control environment. Moving to the right-hand side. The other half of the investment spend is to drive innovation across our businesses and with our client-facing products. We believe it's critical to identify and resolve customer pain points and improve the user experience. And we're attacking the problem with a combination of building, partnering and buying. And so, a few examples of that. On the retail side, we've been able to digitalize existing product offerings with applications like Chase MyHome and launch a cloud native digital bank with our recent Chase U.K. launch. On the wholesale side, we've continued to innovate on our execute trading platform, commercialized blockchain through Onyx and are building out real-time payments capabilities. In addition, our modernization allows us to more efficiently partner with or acquire more digitally centered companies. And you can see several examples of this on the page. So taken together, our strategy and investments are critical to ensuring that we can compete with the most innovative players out there, whether we're the ones pushing the envelope of innovation or responding quickly to the creativity of our competitors but doing so at scale. With that, let's talk about the outlook and the year ahead, starting on Page 15. As you'll remember from Daniel's comments in December, the 17% that we have talked about as a medium-term ROTCE target is not realistic for 2022. We do expect to see some tailwinds to NII, including the benefit of the latest implieds and the expectation that card revolve rates will increase. But the headwinds likely exceed the tailwinds as capital markets normalize off an elevated wallet,"
MSFT,"Jul 27, 2021, 5:30 p.m. ET",2021-Q4,"e the AB InBev Digital Twin meets IoT type of scenario, that's going to require a lot more compute close to their factories. And so to me, those new scenarios -- or 5G, I mean, think about what AT&T is planning to do, which is a hybrid deployment in a completely new space where there is going to be compute that's located to be able to take core network traffic and use cloud economics. So that's what we think of going forward, which is really compute will remain distributed, both because of their needs across geographies, regulation, and the very nature of compute architecture. Amy Hood -- Chief Financial Officer And to the question you asked on how to think about the edge and where to see that in results, really, it shows up. This is one where I would focus on the overall server products and cloud services number, which I think, Mark, was at the heart of your question because through our purchasing vehicles, the most effective way to purchase for flexibility with and across the edge in the cloud is sometimes some of the on-prem licensing with hybrid rights. So, you do see that both in our Azure results but also depending on how it's purchased and server KPI. Mark Murphy -- JPMorgan Chase & Co. -- Analyst Thank you very much. Brett Iversen -- General Manager of Investor Relations Thanks, Mark. Operator, next question, please. Operator Thank you. Our next question comes from Brent Bracelin with Piper Sandler. Please proceed with your question. Brent Bracelin -- Piper Sandler -- Analyst Hi, good afternoon, and thanks for taking the call here. A question for you really around $10 million-plus contracts. You called out momentum this quarter and last quarter. My question is around the drivers of these larger enterprise commitments. Is this driven by just the larger scope of deals? Or are you seeing kind of broader attach rate across the whole breadth of Microsoft Cloud products? Thanks. Amy Hood -- Chief Financial Officer Thanks, Brent. Maybe, Satya, I'll take this one first and if you want to add anything. Brent, unfortunately, I'm going to answer it's everything, and let me talk about why I say that. When you see the size of the contracts increase, it's about the entire scope of what's offered under the Microsoft Cloud. We're seeing both really strong renewals of our core contracts, really strong additions across Dynamics, Power Apps, Power Automate, M365, premium SKUs, security, compliance, voice, which, of course, increases those commitment sizes. And you're seeing the addition of Azure commitments, which we often talk about as these multi-year longer-term contracts. And so, then you do, of course, see them just have longer duration on -- especially in the case of Azure. So, in many ways, what we focus on are the components that make up the larger contracts is each component being additive to selling the value that's present across all of our pieces of the Microsoft Cloud. And this was a good execution quarter for us. You see it in the bookings number even more. When you have a declining expiry base and then bookings growth that's that high, you have to do all those things well. And that's I think really what's reflected ultimately and transactionally, meaning those larger $10 million-plus contracts being done. Brent Bracelin -- Piper Sandler -- Analyst Thank you. Brett Iversen -- General Manager of Investor Relations Thanks, Brent. Operator, next question, please. Operator Our next question comes from Alex Zukin with Wolfe Research. Please proceed with your question. Alex Zukin -- Wolfe Research -- Analyst Hey, guys. Thanks for taking the question. I guess my main question maybe for Satya, you've taken -- you've noted the future of work having changed, and you talked about the fusion of Teams into both, the application stack, the operating system stack, and really among the entire Microsoft portfolio. Is that driving -- given the acceleration you're seeing in Dynamics, can you talk to the fact, is that driving larger deals, new bites at the apple, or how is that changing the landscape? And how do you think about that vers"
AAPL,"Jan 27, 2021, 5:00 p.m. ET",2021-Q1,"growth rates, how much of this do you think is replacement cycle-driven folks upgrading what they have at home versus new customers and new folks that are coming into the Apple ecosystem? And do you see -- I guess what sort of growth rates do you think is more durable or predictable as we go forward over here? Tim Cook -- Chief Executive Officer If you look at the switcher or the switchers, if you look at the new to Mac and new to iPad, these numbers are still about -- at a worldwide level, about half of the purchases are coming from people that are new. And so the installed base is still expanding with -- with new customers in it. And so that's true on both iPad and Mac. If you look at Mac, the M1, I think, gives us a new growth trajectory that we haven't had in the past. Certainly, if -- if Q1 is a good proxy, there's lots of excitement about M1-based Macs. As you know, we're partly through the transition. We've got more -- a lot more to do there. We're -- we're early days of a two-year transition, but -- but we're excited about what we see so far. The iPad, as we went out with the iPad Air, and we now have the best iPad lineup we've ever had, and it's -- it's clear that some people are using these as laptop replacements, others are using them as -- as complementary to their -- to their desktop. But -- but the -- the level of growth there has been phenomenal. You -- you look at it at 41%. And yes, part of it is work from home, and part of it is just learning. But I think I wouldn't underestimate how much of it is the product itself on -- in both the case of iPad and Mac. And of course, our share in the Mac is quite low in the -- for the total personal computer market. And so there's lots of -- of -- lots of headroom there. Amit Daryanani -- Evercore ISI -- Analyst Perfect. Thank you and congrats on a great quarter. Tim Cook -- Chief Executive Officer Thank you. Luca Maestri -- Chief Financial Officer Thank you. Tejas Gala -- Director of Investor Relations and Corporate Finance Thanks, Amit. Can we have the next question, please? Operator We'll go ahead and take our next question from Samik Chatterjee with J.P. Morgan. Samik Chatterjee -- J.P. Morgan -- Analyst Thanks for taking my question, and congrats on the record quarter from my side as well. I guess I wanted to start off with iPhone sales. I think in -- general impression we have is China and North America have more robust 5G infrastructure. I just wanted to see kind of what are you seeing in terms of customer engagement or velocity of sales for iPhone in Europe, where I think the general impression is that service providers haven't rolled out robust 5G services. Is that something that's impacting customer interest in the latest lineup in the region? And I have a follow-up. Thank you. Tim Cook -- Chief Executive Officer If you look at the 5G rollout in Europe, it's true that Europe is not in the -- in the place of -- certainly nowhere close to where China is and nowhere close to the U.S. either. But there are other regions that 5G is -- is -- that has very good coverage, like Korea as an example. And so the world, I would describe it right now, is more of a patchwork quilt. There are places that there's really excellent coverage. There are places where, within a country, that -- that is very good but not from a nationwide point of view. And then there are places that really hasn't gotten started yet. Latin America is more closer to the last one. There's lots of opportunity ahead of us there. And I think Europe is where there -- there are 5G implementations there. I think most of that growth is probably in front of us there as well. Samik Chatterjee -- J.P. Morgan -- Analyst Got it. As a follow-up, if I can just ask you, I think you mentioned the momentum you're seeing for the Apple One bundle, which I think has been a couple of months now since you launched it. Any metrics to share in terms of what you're seeing for conversion rate of customers or even insights into which services are turning -- in that bundle, are turning out to be the anchor services that's dri"
NFLX,"Oct 19, 2021, 6:00 p.m. ET",2021-Q3,"Spencer Wang And since I threw out that number, Nidhi, I guess, I'll just add on one minor comment, which is, look, I think we feel very confident about the next couple of years given just the trajectory of the business. I think we're just going to feel our way along and monitor all those things that Spence talked about, right, which is engagement and retention and things of that nature to sort of judge the appropriate level of spend. Reed Hastings -- Co-Chief Executive Officer Nidhi -- Nidhi Gupta -- Fidelity Investments -- Interviewer I saw a thumbs up from Reed when I said two x or three x, so I think you're early. Reed Hastings -- Co-Chief Executive Officer We're really entertaining the world. If we -- even ex China, if we're able to pull that off and be the place that the whole world goes to for most of their entertainment, then you're definitely thinking too small. Now it will take a couple of decades to get there. It's not overnight. But in the long term, we've got to be able to monetize it. So we got to be able to have the revenue growth and margins, but it would be incredibly satisfying if we could build up to much bigger content budgets that we have, usefully deploy it for our members' love and that's all those categories. Spencer Wang Nidhi, we have time for two last questions, please. Nidhi Gupta -- Fidelity Investments -- Interviewer Great. Greg, I'll switch it over to you for a second. You know, it's a blessing and a curse, but Netflix has grown so fast that I imagine the company has not been able to sort of dot its Is and cross its T's along the way. So I'm curious, as you look around the company's operations, what are sort of the biggest areas of optimizations that you see? And maybe more specifically on the studio, what can sort of taking a tech company approach to studio operations to unlock over time? And what's kind of the magnitude of games to be had? Greg Peters -- Chief Operating Officer and Chief Product Officer Well, as you know, it's still -- we're a work in progress, but I'd say we're constantly a work in progress because we constantly aspire to be better and better. And one of the things I love about working here is just that insatiable appetite for improvement. And one of the areas -- one of the biggest dimensions that we're seeing, which is, I think, really apropos to sort of what we've been talking about in this call is how we go from being really a U.S. company that has international relation -- international operations to really a truly global company. And we can see the opportunity there, whether it's seeing content like Squid Game or Lupin or La Casa de Papel, and we really want to just do that more and more and more. So we're working through how do we, as a company, set ourselves up to operate even more effectively in that context and do even more of what you've sort of seen with those titles. So that's a big dimension of growth for us. And then on the studio side, you know, we're really excited about how do we leverage some of the -- what we have as DNA in the company around tech and things like that to try and figure out, is there a way to better serve our creators and our creative partners, give them a bigger palette, a bigger envelope to work from. And I think one of the exciting areas around this is -- again, that sort of platform, if you will, of creation, that sort of set of tools and capabilities. If we can do that well, we can sort of give that to everybody, all of our creative partners around the world, and give them sort of a bigger place to stand from and tell their story, and that's pretty exciting. Nidhi Gupta -- Fidelity Investments -- Interviewer Great. Well, last question for everyone. What is your favorite recent show or movie on Netflix, other than Squid Game? Reed Hastings -- Co-Chief Executive Officer I was going to go with the Maid. Just an incredible character drama, so well put together. To the investor audience, I'll bet that it's even more pleasing than Squid Game. Greg Peters -- Chief Operating Officer and Chief Product Officer I'm going to go with Chestnu"
AMZN,"Apr 29, 2021, 5:30 p.m. ET",2021-Q1,"we want to take the best practices from one country to make sure we're doing it the same way everywhere. I think currently on our list right now is that we are in the process of getting our 1-day shipment percentages back up to where they were pre-pandemic. We're there in Europe, and we're starting to see in Europe not only strong one-day, but also more broad, same-day selection, so they tend to go hand-in-hand. In the US, we've made improvements or consistently getting better. I would say the end delivery is really a function of everything before it, and how well we can handle and process in a timely manner all the orders in North America. It's been challenged by the volumes, but it's also been challenged by the rapid expansion of space. But we're making progress nonetheless, and we hope to get that even higher in 2021. We're very excited about the adoption of our Prime benefits pretty much across the board, especially with the digital benefits. We are looking forward to some new content, even though we're very happy with the performance, the studios business and the content and awards that they were nominated for and were able to garner this year. We have some big things on the horizon, including Lord of the Rings, and we're very excited about getting that type of content to our Prime members quicker. Dave Fildes -- Investor Relations Yeah, Brian. And then, just on your question on kind of Echo and if I could take it up a level, really broadly, Alexa and devices. Our goal with that has just been -- continues to be to make customers' lives easier and really more convenient. And we want to continue to bring more hardware choices in that case, but also make Alexa smarter with new features. As we talked about before, advances in AI and machine learning, and really deliver tools that help developers and the makers of those devices build for and with Alexa, because in that community, it's not just our Echo devices, but also a variety of third-party device manufacturers. We've seen a lot of momentum with smart home capabilities and working with them. And so, -- and I think with us, with so many other areas, it's about making sure we're maintaining a really high bar, and a lot of that with that type of technology is speech recognition capabilities, the intelligence behind it and getting smarter. And some of that becomes a responsibility that customers have higher and higher expectations for their capabilities, something like Alexa, and that's great. And I think if we just look back over the last 12 months and what's been going on, the role that customer usage has played with Alexa and the behavior there, you've seen, as people have been isolated or unable to be as mobile, you see customers are using Alexa to help them stay connected with loved ones. We're seeing customers using Alexa to help stay healthy. So, whether that's interacting with health-related tips or fitness apps or increased usage of the Fire TV, and they're looking to Alexa for information. And so, using our devices and the services and the Alexa-enabled services for things like educational apps. And then, of course, part of that, too, is making sure they stay entertained when they're trapped or cooped up and don't have other access. So, I think you can just see in that example a lot of really good utility, and it just, I think, encourages our teams to strive even harder to serve customers, given when you see those types of examples and how they resonate with customers. Thanks for joining us today on the call and for your questions. A replay will be available on our investor relations website for at least three months. We appreciate your interest in Amazon, and we look forward to talking with you again next quarter. Duration: 37 minutes Call participants: Dave Fildes -- Investor Relations Brian Olsavsky -- Chief Financial Officer Ross Sandler -- Barclays -- Analyst Brent Thill -- Jefferies -- Analyst Youssef Squali -- Truist Securities -- Analyst Ed Yruma -- KeyBanc Capital Markets -- Analyst John Blackledge -- Cowen and Company -- Analyst Doug Anmuth -- J.P. Mo"
META,"Apr 29, 2020, 5:00 p.m. ET",2020-Q1,"rtant opportunity to serve small businesses and enable commerce there over the long-term. By bringing together JioMart, which is Jio's small business initiative to connect millions of shops across India with WhatsApp, we think that we're going to able to create a much better shopping and commerce experience. And there's a lot more that we can do here, and I'm looking forward to making progress with the team at Jio. Now beyond our immediate plans to help respond to the pandemic. I also want to share some reflections on how we're planning to run the company during this period. I have always believed that in times of economic downturn, the right thing to do is to keep investing in building the future, and I believe this for a few reasons. First, when the world changes quickly, people have new needs and that means that there are more new segments to build. Second, since many big companies will pull back on their investments, there are a lot of things that wouldn't otherwise get built, but that we can help deliver. And the third, I believe that there is a sense of responsibility and duty to invest in the economic recovery and to provide stability for your community and stakeholders if you have the ability to do so. And we're in a fortunate position to be able to do this. Along with our strong financial position and the important social value our services provide, we're planning to hire at least 10,000 more people in product and engineering roles this year, so we can continue building and making progress. Now that said, with advertiser spending less than our business performance below expectations, we do plan to moderate some areas of our expense growth especially in business functions. We accepted our profit margins will decrease this year as we continue investing. And Dave will share more on our financial outlook in a few minutes. But this economic pullback has certainly reinforced for me the importance of maintaining high margins. Our financial position has allowed us to continue investing in building products and making investments like our partnership with Jio, even when the underlying economic conditions are challenging. As always, I am grateful to everyone on this journey with us and that's especially true during this period. As our services play in an especially important role right now, in helping people stay connected and assisting the public health response and working on the economic recovery, I really want to thank all of our employees who are working hard to deliver these services and everyone who has believed in us and supported our company over the years to help us get to the point where we can deliver these services for people around the world. So, thank you. And with that, here is, Sheryl to talk more about our business. Sheryl Sandberg -- Chief Operating Officer Thanks, Mark, and hi everyone. As Mark said, this is an extraordinarily challenging time. It's a public health emergency, a global economic crisis and a time of great anxiety and personal tragedy for so many. My heart goes out to everyone on this call who has lost someone they love, and to everyone for the many ways so many are suffering. Mark talked about how our company has responded during this emergency to keep people safe and informed. How we see our responsibilities and how we are thinking about the future. I'm going to talk more about the impact we have seen in our business and what we are doing to help other businesses survive and recover in this changing landscape. Our total ad revenue for Q1 was $17.4 billion, which is a 17% year-over-year increase. After a strong start to the quarter, we saw a significant impact on our business as a consequence of the pandemic from the second week of March onwards. This impact has not been felt evenly. We've seen strong growth in gaming and relative stability in technology and e-commerce, which is one of our largest sectors. There are few contributing factors here. First, as people stay at home, these sectors are seeing more use of their products and services. Second, advertisers in these sectors tend to o"
TSLA,"Jan 29, 2020, 6:30 p.m. ET",2019-Q4,"olar retrofit and Powerwall, Powerpack, all those things too. So where we will be in 10 years, very excited to consider the prospect. Martin Viecha -- Senior Director of Investor Relations Thank you very much Elon and Zachary some opening remarks as well. Zachary J. Kirkhorn -- Chief Financial Officer Yeah. Thanks, Martin. This past year was truly transformational for Tesla and I want to thank everyone who has been a part of making this happen. On 2019 a few key points I'd like to highlight. On demand, while we've mentioned a few times, it's worth highlighting once again. Over the course of the year we've transitioned entirely from generating Model 3 orders from a reservation backlog to generating new and organic demand. We've also seen a stabilization of Model 3 ASPs even increasing slightly in Q4 and we've seen an increase in ASPs of S and X after the launch of the longer-range versions in Q2. With respect to capacity expansion, we've greatly learned from the development and launch of Model 3 in Fremont and Reno. As a result, we've been able to bring new production capacity on board faster and with less cost. This is evidenced by the launch of Model 3 in Shanghai, as well as Model Y in Fremont, programs that were both launched in under one year. Financially, we have demonstrated multiple quarters of strong cash generation, enabled to higher volumes, improvements to capital efficiency, progress on working capital management and continued improvement in our product and operational costs. And we're able to achieve positive GAAP net income in both Q3 and Q4 for many of the same reasons that enabled strong cash generation. We've also made progress on recurring and software-based revenue with the implementation of premium connectivity and the beginning of upgrades available for purchase via the Tesla mobile app. Finally on stock-based compensation, it increased sequentially by $82 million, driven almost entirely by an expense related to the next tranche of the CEO grant. This is a result of our improved, expected financial performance of the company, which the CEO stock grant is tied to. As we look ahead to 2020, this again will be an important year for the company. Our task ahead is to execute on the next phase of growth, while managing cash flows to support that growth. On Model Y, we expect first deliveries and limited quantities later this quarter and will ramp over subsequent quarters. As mentioned previously, we are forecasting higher gross margins on Model Y compared to the Model 3. This year for the Shanghai built Model 3, we expect to achieve run rate production and delivery rates. In addition, we expect to have completed the majority of plant supply chain localization at the factory or in the region. This is one of the most important components to achieve lower production costs for the site. We are also seeing strong order rates for the locally built Model 3 and remain focused on continuing the production ramp and managing costs. We also anticipate significant progress on factory construction of the Shanghai and Berlin built Model Y, which will result in continued increases in capital spending. On operating expenses, I expect an increase over the course of the year to support our growing product pipeline and international footprint. However, OpEx growth should increase at a lower rate than top line revenue. Overall, we believe this will set us up for a strongest annual financial performance yet, with sufficient forecasted cash flows to support investments related to our growth and further strengthening of our balance sheet. For Q1, please keep in mind that the industry is always impacted by seasonality. Additionally, we are in the process of ramping two major products Model 3 in Shanghai and Model Y in Fremont, which I expect will temporarily weigh on our margins. We are also in the early stages of understanding if and to what extent we may be temporarily impacted by the Coronavirus. At this point, we're expecting a 1 to 1.5 week delay in the ramp of Shanghai built Model 3 due to a government required factory shutd"
GOOGL,"Feb 01, 2022, 5:00 p.m. ET",2021-Q4,"can. The web has always evolved, and it's going to continue to evolve. And as Google, we have benefited tremendously from open-source technologies, and so we do plan to contribute there. There's several areas of interest. AR is a big one at the computing layer. We've been investing there for a long time, we'll will continue to play a role. And it's something both -- not just with the computing layer, but services layer, be it Maps, YouTube, Google Meet, etc., I think, will contribute a lot. On Web3, we are definitely looking at blockchain, and such an interesting and powerful technology with broad applications so much broader again than any one application. So as a company, we are looking at how we might contribute to the ecosystem and add value. Just one example, our Cloud team is looking at how they can support our customers' needs in building, transacting, storing value and deploying new products on blockchain-based platforms. So we'll definitely be watching the space closely and supporting it where we can. Overall, I think technology will continue to evolve and innovate, and we want to be pro-innovation and approach it that way. Ruth Porat -- Chief Financial Officer And in terms of headcount, we do continue to be a magnet for great talent. The number of applications is up year-on-year. And as I said, as you noted, we added almost 6,500 people in the fourth quarter. We do expect the strong pace to continue. And it really goes to comments from Sundar, from Philipp and from me. We're excited about the opportunities ahead of us, in particular, Google Services, Google Cloud, we're adding. We intend to ensure we have the scale that we need to execute well. And so we're continuing to hire. As I said, the majority were again in technical roles, and really pleased with the opportunities we see ahead. Doug Anmuth -- J.P. Morgan -- Analyst Thank you. Operator Thank you. And our next question comes from Eric Sheridan from Goldman Sachs. Your line is now open. Eric Sheridan -- Goldman Sachs -- Analyst Thank you so much. Maybe two questions, if I can. First, following up on Doug's question. Susan has been writing a fair bit on YouTube and the way it's exposed to the creator economy and which you're trying to build for the medium to long term. Can you talk about elements of the creator economy and how it sort of fits into your products, both on the advertising side and the commerce side over the medium to long term? And then, Ruth, maybe just one follow-up on the expense side. Was there anything of a onetime nature in Q4? Because just looking at some of the corporate expense or some of the elements of the core margin, just trying to make sure if there were any one-timers that needed to be called out. Because I think you talked about legal and charitable donations as well, just so we could model that right. Thank you. Sundar Pichai -- Chief Executive Officer On YouTube. Look, one of the -- YouTube, from day 1, it's been very focused on making sure we can support creators while it's been a big part. And even recently, I mentioned in my remarks earlier about the growth we are seeing not just in ads, but beyond ads, with Super Chat, Channel Memberships and so on. Susan mentioned in her creative letter that, while early, they'll be taking a look at NFT and so on, with the view toward making sure the user experience works and -- but there is value, we are constantly thinking about how we can support and do more for creators. So that's going to be an integral part. I think all the commerce experiences we are thinking about in YouTube is a whole additional layer of opportunity. And again, it's another area where it all feels very early to me. We are seeing tremendous traction in YouTube across newer areas, be it podcast, gaming, learning, sports. And so across all these areas, we'll kind of take a vertical-specific look and see how we can support creators better. Ruth Porat -- Chief Financial Officer And then in terms of expense, I gave a number of the items. R&D was mostly an increase in headcount. In sales and marketing, I would note th"
GOOGL,"Jul. 30, 2020, 4:30 p.m. ET",2020-Q2,"ey normally do of cloud capacity. So if you can kind of talk about the puts and takes to the growth as well, that'd be great. Thank you. Sundar Pichai -- Chief Executive Officer Thanks, Heather. Overall, from my vantage point, obviously with Google Cloud, we've been investing to scale up especially on the people side, on engineering, go to market and then obviously, on our investment side with data centers, cloud regions and so on and so for me it's been good to see as we are scaling up, we are executing more effectively. I've been personally involved in many, many conversations last quarter. We had many large customers come on to cloud, big telco deals and banking deals, Deutsche Bank as an example. So, overall I felt the momentum was strong. Generally felt like things were continuing well through the course. Felt like more a secular interest in our digital transformation. Companies are deeply thinking long-term and planning for it. So, overall I felt that the momentum was there and I felt our execution as we are scaling up, obviously, we are scaling up a lot and so the combination is working well. Your second question in terms of puts and takes. Overall, I think there are, I wouldn't -- I don't know whether there's anything significant worth me highlighting. Obviously, you are right to point out that it doesn't affect everyone the same, but nothing significant for me to highlight here today. Heather Bellini -- Goldman Sachs -- Analyst Thank you so much. Operator Thank you. And our next question comes from Brian Nowak from Morgan Stanley. Your line is now open. Brian Nowak -- Morgan Stanley -- Analyst Thanks for taking my questions. I have two. The first one, Sundar, we try to always figure out changes in consumer behavior. I guess as you have sort of been studying what people have been doing through shelter-in-place and from the way things are changing from a consumer perspective, talk to us about areas you're most focused on investing in and driving your teams to create new products to really help consumers with their changing habits. And then the second one, Ruth, I know, as we sort of we look ahead with potentially a larger percentage of the workforce work remote or work from home without looking for quantification, maybe just talk to us about some puts and takes or areas where you could see either efficiency or higher potential costs from a larger percentage of the workforce being remote over the long-term. Thanks. Sundar Pichai -- Chief Executive Officer On the first one, there is -- the shift to online is profound. We see people engaging a lot, doing newer things than they did before. People's interest are broadening I would say across the board and so for example, we are -- for me, I'm looking at different types of user journeys and making sure each of them is getting deeper and better. So for example in Google, as people have started coming for more health-related information, how is that experience working? Thinking about that for the long-term and investing in it. I obviously spoke about shopping earlier and that's been a big focus for us. Education in general and when we think through small medium businesses and bigger companies, thinking through collaboration where G Suite's potential is, the investments we are undertaking, all that is very exciting to me, but I would say cutting underneath all that, maybe while we didn't talk about it, really focused on our AI teams doing the investments they need, evolving our next generation TPUs and the team is building better models and better algorithms, all that I think our ability to do more things is something I'm really interested in and focused on as well. So that's something I'm excited about for the longer-term. Ruth Porat -- Chief Financial Officer And then in terms of your question about work from home. I think it's a great point because obviously it feeds so much into a lot of the product work that we're doing in Cloud through G Suite etc. So that's where I would actually start, but I appreciate what you're asking is how we're looking at our own cost base an"
JPM,"Jul 13, 2021, 8:30 a.m. ET",2021-Q2,"g, disrupting in the U.K. But since you wrote your CEO letter, Jamie, I mean, it's only gotten more competitive from the fintechs and big tech and big retail and everybody else. And that's a question that comes up probably to everyone on this call. Are you going to be disintermediated over the next five years, whether it's -- you know all the companies, but it just seems like they're ramping up that much more. You have an executive order from the White House, maybe you have to share data. What's your current mark-to-market of the threat from outside of banking to your business? Jamie Dimon -- Chief Executive Officer Yeah. I don't feel any different thing when I wrote the Chairman's letter. I think we have huge competition in banking and shadow banking, fintech and big tech and Walmart. And obviously, there's always a changing landscape, but we also have a huge -- we've got brands and capability and products and services and market share and profitability. I think some of these competitors are going to do quite well. I think a lot of them will succeed over time. But that's called good old American capitalism. I'm quite comfortable we'll do fine. I do think there's going to be a lot of people still in the banking business. I'm talking in about five or 10 or 15 years. I think one day you're going to recall which one who took a shadow bank or, I mean, the banks who will shadow -- will be shadows themselves. Mike Mayo -- Wells Fargo Securities -- Analyst All right. Thanks, Jeremy. Jeremy Barnum -- Chief Financial Officer Yeah. We're working hard to make sure that we're offering services that are not disruptible because they're good. So if our clients are happy, and we're providing them a great experience, then there's nothing to disrupt. Mike Mayo -- Wells Fargo Securities -- Analyst All right. Thanks, Jeremy. Thanks, Jamie. Operator Our next question is coming from the line of Ebrahim Poonawala from Bank of America Merrill Lynch. Please go ahead. Your line is open now. Ebrahim Poonawala -- Bank of America Merrill Lynch -- Analyst Good morning and thanks for taking my question. I guess just sticking with the digital strategy. We heard Jamie talk about multiple times around the lack of imagination that cost the banking industry in terms of either payments or buy now pay later, and you talked about your international expansion. But again, going back to Mike's point, as shareholders of banks in the U.S., should the expectation be that banks will be fast followers of what fintech comes up with and replicating that, given the risk of cannibalizing your own sort of revenue set? Or do we expect, or do you think we should expect, more disruptive innovation coming from banks in the United States on consumer banking? Jamie Dimon -- Chief Executive Officer I think it's both. I mean, it's not an either/or question. And remember, a lot of these banks have done quite well. Clearly, Bank of America has done quite well in digital products and stuff like that. So when I said the lack of imagination with the whole company, I mean, when you look at some of these things, it was -- we could have imagined more why they've become the competitor down the road. So some of these competitors are quite good at I call it buying and weaving. They start with one little thing. They had product. They have services. They had eyeballs. They had customers, and they find ways to monetize it. So we've got to be a little more forward-looking in how they're looking at the active guys and stuff like that. But in our case, there'll be a little bit of everything. Jeremy Barnum -- Chief Financial Officer Yeah. And I would just say the whole like cannibalization and fast following thing, I think we've moved a little bit beyond that. Like there will be times where we have the first idea, and we're eager to lean in and innovate that way. There will be times when someone else has the first idea, and we're eagerly copying it. But the whole -- we don't want to do this thing that makes sense with the customer because we might be cannibalizing our own revenues, that's a recipe"
AMD,"Oct 26, 2021, 5:00 p.m. ET",2021-Q3,"ng to 12 months from now, would you be surprised if you gained another 500 basis points next year? And sort of where do you think about where that share can go? Lisa Su -- President and Chief Executive Officer Yeah. So, you know, I think, overall, our server trajectory has been very strong. I mean I think we're very pleased with the trajectory here in 2021. I think having a number of quarters where we're doubling the revenue year on year kind of speaks to the progress there. As we go into 2022, we still believe we are a share gainer in that environment just given the strength of our portfolio and let's call it, platforms that are still yet to launch across our customer set. So we're continuing to play out the strategy of a data center being a place where our technology is very differentiated. And we think that's true in the third generation with EPYC, and we certainly are very focused on ensuring that the next generation with Zen 4 and Genoa are similarly well-positioned in the marketplace. Timothy Arcuri -- UBS -- Analyst Thanks a lot. Laura Graves -- Corporate Vice President, Investor Relations Thank you, Tim. Operator We reached the end of our question-and-answer session. I'd like to turn the floor back over for any further or closing comments. Laura Graves -- Corporate Vice President, Investor Relations We're good. Thank you very much, operator, and thank you to everyone for joining us today. We appreciate your time and participation and your support of AMD. Have a good afternoon. Operator [Operator signoff] Duration: 53 minutes Call participants: Laura Graves -- Corporate Vice President, Investor Relations Lisa Su -- President and Chief Executive Officer Devinder Kumar -- Executive Vice President, Chief Financial Officer, and Treasurer Blayne Curtis -- Barclays Investment Bank -- Analyst Vivek Arya -- Bank of America Merrill Lynch -- Analyst Matt Ramsay -- Cowen and Company -- Analyst Toshiya Hari -- Goldman Sachs -- Analyst Stacy Rasgon -- Sanford C. Bernstein -- Analyst Joe Moore -- Morgan Stanley -- Analyst Aaron Rakers -- Wells Fargo Securities -- Analyst John Pitzer -- Credit Suisse -- Analyst Chris Caso -- Raymond James -- Analyst Ross Seymore -- Deutsche Bank -- Analyst Timothy Arcuri -- UBS -- Analyst More AMD analysis All earnings call transcripts"
META,"Jul 24, 2019, 5:00 p.m. ET",2019-Q2,"we're pushing forward on all of these issues and should have more to talk about soon. Operator Your next question comes from Michael Nathanson from MoffettNathanson. Michael Nathanson -- MoffettNathanson -- Analyst Thanks. I have two, one for Sheryl and Dave and one for Mark. So Sheryl and Dave, you noted the growth I guess in Europe this time in acceleration. And can you talk a bit about maybe the regional development of Stories and either the embracing the advertising community or the user community by region. And then, for Mark on the answer on currency arguably Crypto is going to take a long time to you to get approval or to build a product. Do you see building a fiat currency wallet for Facebook and Instagram. I know it's about WhatsApp but how does another title wallet non-crypto wallet develop if it takes a while for the other products to rollout meaning Crypto takes a while for approval. So does non-crypto fiat currency become an opportunity for you? Dave Wehner -- Chief Financial Officer Hey, Michael, it's Dave. I guess we're not really providing detail on region. I would say Stories is today from an impression growth perspective really about Instagram Stories. So it maps where we've got good adoption of Instagram globally. So we're certainly seeing good growth in places where Instagram is strong, including the U.S., so that's been good to see. And as we continue to work on Facebook Stories, we'll have more opportunity as well with Facebook and will map to the reasons where Facebook is stronger. So I think we're seeing good growth on Instagram. I think that will continue and continue to drive impression growth and then we hope to continue to make progress on Facebook where we're seeing growth, but it's off a smaller base. Mark Zuckerberg -- Chief Executive Officer And on payments, I mean, the short answer is, yes, we're very focused on payments with fiat currencies as well and making it so that when you pay in one service, whether it's WhatsApp or and Instagram Shopping or in Marketplace your credentials can be shared and there's a shared payment system across all those things. So that's a -- certainly a big area for investment. Overall these areas around commerce and payments, I think are one of the most exciting areas of product development for the next several years. I mean the way that we kind of see the products now is we've helped people map out and wire up their networks over the last several years, and now in each of these apps we have opportunities to help people get more value from the networks that they've created in some of that is going to be on the social side, especially around creating communities and groups and some of it is going to be more on the economic and opportunity side and there we're doing a whole lot of projects. I know that we Libra is the one that has gotten the most attention recently, but it's really just one of a set of things everything from Instagram, Shopping which is going to help people connect to brands and emerging creators to Facebook marketplace, which is more consumer-to-consumer paying and buying and selling used goods to things like WhatsApp business, which is more about connecting with small businesses and then across the payment landscape, helping people do payments and existing currencies and also trying some newer approaches that can hopefully bring down the cost of doing payments around the world. We're just very excited about all the -- everything in this area and it's one of the biggest areas that we're focused on for the next several years. Operator Your next question comes from Ben Schachter from Macquarie. Ben Schachter -- Macquarie -- Analyst Mark in 1Q, you mentioned specifically that GDPR had an impact on the business. I was just wondering if you can give an update on that? And then longer term on Facebook, you focused a few times now on buying and selling goods there. Just wondering if you can comment on how you think of services versus goods for example monetizing recommending a house painter versus selling a widget. And also can you talk about the tim"
V,"Oct 26, 2021, 5:00 p.m. ET",2021-Q4,"next five or even 10 years, a, does that reverse? And, b, as part of the U.S. growth, just all the new fintech stuff that's happened in the U.S., just creating a lift that is allowing kind of that outpacing. Al Kelly -- Chairman and Chief Executive Officer Well, I think, David, it's a combination of things. It certainly is the explosion of some of the neobanks and fintechs, although you're seeing those really develop all the way around the world. I would also say though that our Visa Direct platform is much more mature in the United States than it is in other markets. Vasant somewhat alluded to that point in his remarks. And that has certainly helped spark some of the growth as well. I also think that the U.S., prior to the pandemic at least, was more advanced in e-commerce capabilities and was much -- adjusted even more quickly than other markets might have as we saw a rapid move toward cash digitization as COVID set upon us in March of 2020. All that said, we are setting out to invest around the globe and we want our business to grow in all markets and territories in which we do work. We're more than happy to have the U.S. continue to grow. But I think as I look at the future of the business over the next five to 10 years, I expect still healthy growth in the United States, but I do expect our volumes to continue to grow in a nice way around the world. I mean you saw it this prior quarter. As good as the growth was in the U.S. in the quarter, both Latin America and CEMEA had very, very strong quarters. And international growth was really held back by Asia Pacific, which has really been hit very, very hard by lockdowns and restrictions as a result of the pandemic. Vasant Prabhu -- Vice Chairman and Chief Financial Officer And the one other thing I might add as we look ahead, I mean all the things Al said, the reason international is a little held back right now is because Asia, which is almost 20% of our payments volume, is only growing at the levels -- the low single-digit levels because they're largely still not open. The one thing to think about as we look ahead, as we said earlier, as Al said in his comments, contactless payments are already 70% penetrated outside the U.S. So that's still a growth engine in the U.S. that is just beginning to take off. And given the size of the U.S., that will be a meaningful contributor to transactions growth. And we also know that tap to pay digitizes cash and allows us to capture a much larger share of transactions at the point of sale. David Koning -- Robert W. Baird -- Analyst Thanks, guys. Great. Operator Thank you. James Faucette from Morgan Stanley. You may go ahead, sir. James Faucette -- Morgan Stanley -- Analyst Thank you very much. Al, I want to go back to one of the comments that you made as it relates to buy now pay later and the growth of that and how you see that as a growth avenue for Visa. Can you talk a little bit -- I think I conceptually get the idea of expanding acceptance and the advantages that Visa can provide there? But can you provide a little bit more color on like how you think that evolves and what those transactions will look like in a way that will benefit Visa? Thank you very much. Al Kelly -- Chairman and Chief Executive Officer Well, I think in the short term, James, we're seeing many, many of these players use us and use our credentials, whether they're virtual cards or debit or credit cards, to actually pay off the various installments. And so we're getting -- instead of one transaction, you know, we're getting four transactions. And certainly, that's very good for us. The point I was making is that in many ways, BNPL is a closed-loop capability somewhat akin to what wallets were three years ago. And, you know, closed loops just end up hitting a wall. They don't end up -- they end up hitting a wall where it's hard to scale. It's hard to bring the level of -- and depth of choice that you can to your customers. And so what I think is going to happen is that BNPL players will become issuers who will issue Visa credentials that will have the -- their"
META,"Jul 27, 2022, 5:00 p.m. ET",2022-Q2,"atars store with digital clothes from leading fashion houses. And we're going to continue expanding that selection and the fidelity of our Avatar system overall. On the hardware front, later this year, we'll release Project Cambria, and the experience here is getting pretty awesome. It will be a high-end device focused on professional users and work with high-resolution color mixed reality. I'm really looking forward to getting this one out. This is just one milestone in the long-term path, but I think people are going to be pretty blown away by this. All right. So those are the areas that I'm most focused on right now and that I think are going to have the greatest impact on our products and business over the next few years and much longer. Periods like this can be tough, but I really think that the additional focus and discipline are going to make us stronger over time. Now in addition to our business, this is also a period of transition for our leadership team. And before I hand it over to Sheryl for what will be her last earnings call, I want to thank her for everything that she has done for Meta, for our community, and for so many small businesses around the world. It's really hard to overstate how big of an impact that Sheryl has had on so many different parts of what we do and on me personally. At the same time, and Marne are our talented leaders who I've worked with closely for many years. They're the type of people who I've kept giving more and more responsibility to and they just keep crushing it, so the expanded roles are well deserved. And I think that they're going to do a great job carrying our business forward and expanding it in some exciting new ways. And we also shared the news this afternoon that Dave Wehner will be transitioning into a new role as our chief strategy officer, overseeing our strategy and corporate development teams. Dave has done great work as our CFO, and I'm really looking forward to continuing to work with him in this new role. And as part of this, we're also promoting Susan Li to be Meta's new chief financial officer starting later this year. Susan is an incredibly talented executive and I think she'll be an excellent CFO. She already runs our financial planning process and plays an important role on our leadership team, and this transition is something that we've been working on for years. All right. With that, I'm going to hand it over to Sheryl. Sheryl Sandberg -- Chief Operating Officer Thank you, Mark, for those kind words and for being a great leader and friend for the last 14 years. It has been an enormous privilege to work for you to help build this remarkable company. I'd like to focus on Q2 before making some wider observations about the business. Our total revenue in Q2 was $28.8 billion, a decrease of 1% year over year. Foreign exchange trends had a significant impact in Q2, in particular, the depreciation of the euro relative to the dollar. On a constant currency basis, we would have seen 3% revenue growth year over year. Similar to last quarter, we saw solid growth in APAC and other parts of the world outside of North America and Europe, where it's been a more challenging environment. These continue to be turbulent times for the global economy. Many of the macro factors having an impact on our revenue are continuations of things we've seen in previous quarters, such as the continued impact of the war in Ukraine and the normalization of e-commerce after the pandemic peak. But there are also new challenges with rising inflation and uncertainty around a looming recession. We know that recessions put pressure on marketers to make sure their ad budgets are spent in the smartest way possible. We're focused on helping them run efficient marketing campaigns to get the best possible return on investment, including helping them shift their ad strategies on our platform in line with user trends and our own evolving ad solutions. I want to pick up on some of the themes Mark just touched on that show how we're doing this: Reels monetization, evolving our ad system, and AI and machi"
MA,"Jan 28, 2021, 9:00 a.m. ET",2020-Q4,"y're going to do more digital banking, more online purchasing and more contactless. So I think that will just remain. As I said earlier in my prepared remarks, once you can venture out there and social distancing measures are relaxed, people will want to go and shop in their stores, in their local community, support the local restaurant, whatever it is. But the good experience, as people started to appreciate and learn online, that will not go away. So the good thing is we'll have two legs to stand on with our business. We'll benefit from both of them. Other structural trends that I see is more digital transactions, more data, more desire to understand the data. Data Insights, our service portfolio is on point for that. The same as more digital transactions, larger cyber footprint, potentially more risks. And a bunch of new businesses coming online that have been brick-and-mortar only, that's an opportunity for us from a cybersecurity perspective. And then there's a whole cross-border thing digitizing supply chains, B2B. I would say that's the other structural change that people take away from the pandemic. Darrin Peller -- Wolfe Research -- Analyst That make sense. Thank you. War Kneeshaw -- Head of Investor Relations Next question, please. Operator Our next question is from Lisa Ellis with MoffettNathanson. Lisa Ellis -- MoffettNathanson -- Analyst Good morning. And Michael, congrats again. In the prepared remarks, you highlighted the addition of Finicity to Mastercard's open banking portfolio. Can you elaborate a bit on how you're thinking about open banking where a payment or funds transfer could be made with debit, with Mastercard Send, with Fast ACH or RTP? Can you just comment a bit on how Mastercard's role differs, value-added differs, economics differ across all of these different methods of payment? And are you agnostic or not? Why? Why not? Thank you. Michael Miebach -- Chief Executive Officer Yeah. That's a pretty broad question, Lisa. So let me tick the first part of it, and then Sachin can talk around the economics and the business all behind that. Broadly speaking, the way we look at open banking is, it's adding data transmission capabilities as well as an additional set of transaction rails. We can initiate payments through open banking, permission API connections. We can do that. But we also can just verify assets or help in credit decisioning. So it's a wide range of use cases, and we're pretty agnostic what they are. We're quite happy to initiate payments directly through reassigned payment rails but also the combination of a market where there is real-time payment infrastructure. There is an open banking regulation as in Europe. The fact that we have a strong position in both allows us to leverage the combination of that quite effectively. That is one of the things that Tesco does with us. The proposition that Tesco is offering is you pay your credit card very simply through an open banking connection, leveraging the real-time payment rails. That's check, check, check, and it's a good combination for us. Overall, where is this going to go? I see it as an additional leg in our multi-rail strategy. So one link into Mastercard. You want to pay through an open banking trend link, you want to pay through real-time payments, you want to pay through cards, whatever it is, one thing is through Mastercard. That's the overall strategy. Finicity helps us clearly in the United States. But as I said before, these use cases that they have on asset verification and on credit decisioning, they are so in demand at this point in time. Taking them to Europe as quickly as possible will matter. Now Sachin, can help you unravel some of these business models behind that. Sachin Mehra -- Chief Financial Officer Yeah. So -- hey, Lisa. Just a couple of thoughts around that. I think you're quite familiar with the way we think about what constitutes our yield as a business, right? It's across infrastructure, applications and services. And I would tell you whether it's our card rails or it's our real-time ACH rails or it's open b"
AAPL,"Jul 30, 2019, 5:00 p.m. ET",2019-Q3,"eir iOS and iPad iOS apps for the Mac. I'll have a bit more to say on that in a moment. I'd like to provide some color on our performance in Greater China, where we saw significant improvement compared to the first half of fiscal 2019 and return to growth in constant currency. We experienced noticeably better year-over-year comparisons for our iPhone business there than we saw in the last two quarters, and we had sequential improvement in the performance of every category. The combined effects of government stimulus, consumer response to trade-in programs, financing offers, and other sales initiatives, and growing engagement with the broader Apple ecosystem had a positive effect. We were especially pleased with a double-digit increase in services driven by strong growth from the App Store in China. Turning to the future. Last week, we announced an agreement with Intel to acquire the majority of it smartphone modem business. This is our second-largest acquisition by dollars, and our largest ever in terms of staff. We're looking forward to welcoming all of them to Apple. We see this is a great opportunity to work with some of the leading talents in this field, to grow our portfolio of wireless technology patents to over 7,000, to expedite our development of our future products, and to further our long-term strategy of owning and controlling the primary technologies behind the products that we make. We also had our best WWDC ever last month, packed with announcements of great new features coming this fall across our four software platforms, making them more powerful, more personal, and more private. For iPhone users, iOS 13 will take on a dramatic new look with dark mode, while delivering major updates to the apps you use every day including photos, camera, and maps. iOS 13 offers great new ways to help you manage your privacy and security, including sign-on with Apple, which uses Face ID or Touch ID to quickly sign into apps and websites without sharing your personal information. And improvements across the entire system will make iPhone even faster and more delightful to use than ever before. For the first time, iPad is getting its own version of iOS called iPadOS, a strategic step forward that takes the iPad experience to a whole new level. The redesigned home screen, powerful new multitasking tools, and deeper integration with Apple Pencil take productivity and creativity further, including using your iPad as an extended an interactive second monitor for your Mac. For Apple TV, TvOS 13 will make the big screen experience even more personal. With a redesigned home screen and multi-user support, everyone in the family can get a more engaging and tailored experience with their favorite TV shows, movies, sports, and news, along with Apple music photos and videos in iCloud, and an App Store with thousands of great games and apps. WatchOS 6 is a major step forward in helping Apple Watch users stay healthy, active, and connected. Apple Watch now has a dedicated App Store that users can access directly from the device, and new watch faces, Siri enhancements, and music and audio features make Apple Watch more useful than ever. And of course, we continue to innovate on Apple Watch's promise to be an intelligent guardian for your health. WatchOS 6 includes powerful new features like notifications that warned about high-decibel noise to protect your hearing, and cycle tracking to aid in women's healthcare decisions. In the June quarter, we expanded the availability of the ECG app and irregular rhythm notifications to five additional European countries, and added Canada and Singapore just last week, making them available in 31 countries and regions around the world with more to come later this year. We're very proud of the muscle we've built in bringing regulated products like these to market. This is an important competency that creates exciting opportunities for us moving forward. As I noted earlier, we believe Mac OS Catalina will be a breakthrough in the Mac ecosystem. A new tool included in Mac OS Catalina called Mac Catalyst g"
GOOGL,"Jul 27, 2021, 4:30 p.m. ET",2021-Q2,"one devices. I'm very excited by our fall lineup which will showcase Android 12 and some of the deep technology investments that are helping us push boundaries. Pixel remains at the heart of that long-term strategy and I'm proud of how the team continues to deliver the best of Google through our family of helpful devices, including Nest and Fitbit. You can see all of these devices at our first retail store in New York City and I'm looking forward to seeing some new ones there soon. We are also seeing developers getting tremendous benefit from Google Play. Through the end of Q2, over $120 billion has been earned cumulatively by developers around the world from Google Play. Let me talk a bit more about Cloud. Q2 revenue grew 54% year-over-year. Our innovative products, focused go-to-market strategy and growing ecosystem are driving our momentum. Organizations across industries are choosing Google Cloud as their platform for digital transformation, including SAP customers like PayPal, Johnson Controls and Whirlpool, who have deployed SAP environments on Google Cloud. This quarter we saw three distinct trends. First, the increase in cyber and ransomware attacks is a wakeup call for the industry. Over two decades, Google has built some of the most secure computing systems in the world. And we are proud that our Google Cloud customers can benefit from our experience here. Customers like Major League Baseball are partnering with Google Cloud to further enhance their security program. We pioneered the zero trust approach, an architecture that builds in multiple layers of defense against unauthorized access. This approach and other security solutions help customers minimize the impact of cyber attacks and prevent them completely. At our Cloud Security Summit last week, we announced new solutions across our portfolio of products. BT is bringing our new security operation solutions based on Chronicle to the managed security services market. And Adobe and the State of Wisconsin are helping protect users with our fraud detection product. Second, our expertise in real-time data and analytics continues to differentiate us in the Data Cloud; one of the fastest growing segments of the market. BigQuery is not only a data warehouse, it's a platform for customer innovation and it's helping drive our strong year-over-year growth with customers like HCA Healthcare, who will be using BigQuery to analyze data to improve clinical care. Additionally, our deep expertise in AI and machine learning remains a key differentiator, winning customers like Groupe Casino and leading to partnerships with industrial automation leaders like Siemens. Our focus on delivering industry-specific solutions, coupled with our secure open cloud infrastructure, enable us to support leading telecommunications companies such as Reliance Jio, Telecom Italia Tim and Ericsson to work together on applications and new solutions for 5G networks and mobile edge computing. These join existing customers Vodafone, Telus and many others. Third, Google Workspace continues to show strong growth, particularly in the enterprise space because we have designed the product to meet the challenges of hybrid work. This includes the announcements we made at I/O about smart cameras, as well as expanding our advanced security and compliance capabilities and solutions for frontline workers. These innovations are landing wins with companies like Carvana, the online auto retailer and software company Red Hat. Turning next to YouTube. YouTube Shorts continues to gain momentum. We've been rolling it out everywhere YouTube is available, in more than 100 countries worldwide. I'm proud to announce that YouTube Shorts has just surpassed 15 billion daily views. And also pleased with the progress we are making with YouTube subscription products across Music, Premium and YouTube TV, each delivering a fantastic experience and content for viewers. And, finally, Waymo continues to build and commercialize the Waymo Driver and grow the team. People love the fully autonomous ride hailing service in Phoenix. Sinc"
AAPL,"Oct 28, 2021, 5:00 p.m. ET",2021-Q4,"tivated there, the carriers are motivated there. We have mutual interests and the customer benefits hugely from getting a new 5G phone that has 5G and a number of other features in it, too. And so, I think everybody's aligned on purpose. The model that you paint is -- I wouldn't call it a global model because there are different variations around the world depending upon the country. But, in general, I think that the marriage, if you will, or partnership between Apple and the carrier channels has never been stronger, and that it's on very solid footing. Tejas Gala -- Director of Investor Relations and Corporate Finance Thank you. Can we have the next question, please? David Vogt -- UBS -- Analyst Thank you very much. Operator And so, we'll take our next question from Krish Sankar with Cowen and Company. Krish Sankar -- Cowen and Company -- Analyst Yeah. Hi. Thanks for taking my question. I have two of them too. And Tim, I will give you a reprieve from the supply chain questions. I have two on services. The first one is on your new ATT, the App Tracking Transparency feature. And all the headlines it has garnered recently, I'm curious, the feedback you've seen or received from the advertisers and users and how they've also impacted search ads in your own ad business. Give us, you know, a feedback and then I have a follow-up. Tim Cook -- Chief Executive Officer The feedback from customers is overwhelmingly positive. Customers appreciate having the option of whether they want to be tracked or not. And so, the -- there's an outpouring of customer satisfaction there on the customer side. The reason that we did this is that, as you know, if you've followed us for a while, we believe strongly that privacy is a basic human right. And over -- and we believed that for decades, not just in the last year or so. And we've historically rolled out more and more features over time for -- to place the decision of whether to share data and what data to share in the hands of the user, where we believe that it belongs. We don't think that's Apple's role to decide and we don't think that's another company's role to decide, but rather the individual who owns the data itself. And so, that's our motivation there. There's no other motivation. Krish Sankar -- Cowen and Company -- Analyst Got it, Tim. And that's a very fair characterization. Thank you for that. And then as a quick follow-up, I'm just kind of curious, you know, on the mobile gaming in your App Store, you know, there have been some recent actions by certain governments to limit game time. How did you -- how did it affect your App Store business in those geographies? And is that -- if you can quantify that or is that too immaterial at this point? Thank you. Tim Cook -- Chief Executive Officer You mean limiting the time on games? Is that what you're getting at? Krish Sankar -- Cowen and Company -- Analyst Yeah, exactly. Like in China, they have decided to limit game time. Things like that. Tim Cook -- Chief Executive Officer It's very difficult to measure the -- yeah, what -- the policy that you're talking about for those people that don't know is there's a policy to restrict kids below a certain age to -- I think it's one hour on Friday, Saturday, Sunday, each. And it's very difficult to see the impact of it on the App Store at this point. Krish Sankar -- Cowen and Company -- Analyst Thank you. Tim Cook -- Chief Executive Officer Yeah. Tejas Gala -- Director of Investor Relations and Corporate Finance Thanks. Can we have the next question, please? Operator Thank you. We'll take our next question from Samik Chatterjee with JP Morgan. Samik Chatterjee -- J.P. Morgan -- Analyst Great. Hi. Thanks a lot for taking my question. I guess, Tim, I wanted to first to start off on your comment about strong demand across products. And just relative to iPhone 13 if you can give us a bit more insight about what are you seeing in terms of intent, in terms of either upgraders from the installed base or even switchers, relative to -- if you can compare it to iPhone 12. Because some of the feedback we a"
TSLA,"Oct 19, 2022, 5:30 p.m. ET",2022-Q3,"ut for the first time, I am seeing -- I see a way for Tesla to be -- let's say, roughly twice the value of Saudi Aramco. And I think that's -- I haven't quite seen that yet. I mean this is the first time I've seen that potential. So, we have an incredible product portfolio. I think we've got the most exciting product portfolio of any company on earth, some of which you've heard about, some of which you haven't. We're in the final lap for Cybertruck. We're building a Cybertruck line here at Giga Texas [Inaudible] and making a lot of progress in the robotaxi platform design. And then with respect to batteries, we're moving as fast as possible to have -- to achieve 1,000 gigawatt hours a year of production capacity in the United States vertically integrated. And our cathode Tesla refining, we're moving a ton of speed to do that. So, I think it's an incredibly exciting future and really an unprecedented future. None of this would be possible without the incredible team that we have here at Tesla. So, I'd like to give a huge shout-out to all of our factory employees, engineers, executives, and the whole Tesla team. You guys rock. You're the ones that make it happen. Thank you. Thank you, everyone. Martin Viecha Thank you very much. And Zach has some opening remarks as well. Zachary Kirkhorn -- Chief Financial Officer Yeah. Thanks, Martin. Just to continue on Elon's theme, I just want to thank and congratulate the Tesla team for achieving record vehicle deliveries, production, and storage deployments in the third quarter. On automotive profitability, our GAAP operating margin was 17.2%, with automotive gross margin at 27.9%. Operating margin is one of our best yet, with improvements in operating leverage. However, Austin and Berlin ramp costs weighed on our margins, particularly if you compare it to Q1. Removing regulatory credits and Austin and Berlin, our operating margins would have been our strongest yet and auto gross margin would have been nearly 30%. Note that while small and growing, each car we build in Austin and Berlin is contributing positively to profitability. We also continue to experience margin headwinds associated with macroeconomic conditions, as we've discussed at length on prior calls. In particular, raw materials, logistics, and foreign exchange was a big part of this past quarter. On energy profitability, we achieved our strongest gross profit yet for this business, driven primarily by record volumes of our Megapack and Powerwall products. Our free cash flows were also a record despite an increase in cars in transit at the end of the quarter, which has a negative impact on working capital. Specifically on cars in transit, as noted in our press release on October 2, we've started to experience limits on outbound logistics capacity which we didn't anticipate. This issue is particularly present for ships from Shanghai to Europe and local trucking within certain parts of the U.S. and Europe. Our historical operating pattern of batch building by delivery region leads to extreme concentrations of outbound logistics needs in the final weeks of each quarter. Just to put this in perspective, roughly two-thirds of our Q3 deliveries occurred in September and one-third in the final two weeks. As a result, we have begun to smooth the regional builds throughout the quarter to reduce our peak needs for outbound logistics. We expect this to simplify our operations, reduce costs, and improve the experience of our customers. As we look ahead, our plans show that we're on track for the 50% annual growth in production this year, although we are tracking supply chain risks which are beyond our control. On the delivery side, we do expect to be just under 50% growth due to an increase in the cars in transit at the end of the year, as noted, just above. This means that, again, you should expect a gap between production and deliveries in Q4, and those cars in transit will be delivered shortly to their customers upon arrival to their destination in Q1. Boston and Berlin ramp costs will continue to weigh on margins, although we"
V,"Jan 28, 2021, 5:00 p.m. ET",2021-Q1,"ary, as you can see, our business remains resilient. Both debit and e-commerce growth are sustaining well above pre-COVID levels as the accelerated shift to digital payments becomes a habit. Cross-border growth is poised to recover sharply once vaccines facilitate reopening of borders and we lap last year's steep declines. Our new flows and value-added services businesses have continued to grow robustly through the worst of the pandemic. As Al indicated, we have stayed focused on our long-term growth initiatives, and we'll be stepping up the level of investment in the second half in anticipation of a post-COVID world with accelerating growth. With that, I'll turn this back to Mike. Mike Milotich -- Senior Vice President of Investor Relations We're now ready to take questions, Michelle. Questions & Answers: Operator [Operator instructions] Our first question comes from James Faucette with Morgan Stanley. You may go ahead, sir. James Faucette -- Morgan Stanley -- Analyst Great. Thank you very much. I just wanted to ask, strategically, how you're thinking about going forward post the Plaid deal that you decided to turn away from. And I guess I'm looking for just comments of how you feel your relationships are with regulators and what makes sense in the future for future technology acquisitions, etc. Al Kelly -- Chairman and Chief Executive Officer Well, thanks, James. Well, first of all, let me answer the last part of the question. This was a single lawsuit brought by a single regulator about one specific M&A transaction, so I don't believe that this portends anything about the future and our ability to continue to try to acquire companies. As we said a couple of weeks ago, we ended up making the decision that this was just going to go on for too long. And we all know that the payments marketplace is moving with great speed on so many fronts. And the idea that we would tie ourselves up on this transaction, and frankly, the plan would tie themselves up through long-term litigation that could go all the way through an appeal, in and of itself was not appealing to us in terms of all the other things that we thought we could be investing in and spending management time on and spending our dollars on. We're continuing to forge down a path of making sure that we are a real player in this space of open banking and believe that we have a lot of the assets already. What Plaid was going to do was going to get us into the -- specifically into the data extraction type of business, which would have added to our network of networks. But it doesn't, in and of itself, prevent us from doing more going forward. We also still have the ability in that space to partner with Plaid. We have the ability to partner with other players around the world. And in many cases, that might give us the ability to partner with players that understand the nuances of specific markets in which they do work. We'll continue to look to make sure that we -- to the degree that any use cases are going to form here, the use case that probably would have the most chance of stepping out and being something that takes -- has some legs behind it would be account to account. And I think we're very well positioned there. We're positioned well to make sure that we can provide payment capabilities for the various fintechs that we are doing business with today, and we have the ability to continue to sell value-added services to all of those players. So I think that ultimately, as we have in the past, we will invest to grow internally, we will look to partner and we will look to buy. And it will be a combination of capabilities and approaches that will allow us to continue to be a player in this space. James Faucette -- Morgan Stanley -- Analyst That's great context, Al. And just a quick operational follow-up. Obviously, you've taken expenses out of the cost base in the last year as a result of the pandemic. How should we think about what components of that cost base are likely to flow back in as things return to normal versus what could be more permanent changes? Al Kelly -- Ch"
TSLA,"Jan 27, 2021, 6:30 p.m. ET",2020-Q4,"it would not make sense for us to do the Semi right now, but it will absolutely make sense for us to do it as soon as we can address the cell production constraint. The same would go for that. Joseph Spak -- RBC Capital Markets -- Analyst OK. Thank you. And then maybe if I could dig into your past on one more item. About two years ago, at the Autonomy Day, you stated that you're working on the next-gen Tesla chip which was about two years away. So is there any update on that front? Elon Musk -- Founder and Chief Executive Officer Yes, to be clear, we are still not -- the software still does not fully use the capabilities of the FSD in 1 computer. It is really just incredibly powerful computer and I am personally certain that you can create full self-driving with safe Level 5 presence just using the Full Self-Driving Version 1 computer. The Version 2, we expect to be about three times as powerful. And this needs to be paired with higher resolution cameras. And so it's quite a -- it requires a bunch of things to change simultaneously. But we have not been rushing the Version 2 of the chip. It's coming along well, and it's in good shape.But since we can achieve FSD, Full Self-Driving, with the current system, it would actually be a distraction right now if we were to introduce the Full Self-Driving, the Tesla FSD chip 2 because it would set us back quite a bit on software. And software is the critical path to Full Self-Driving. So I wouldn't worry too much about that. That's not a -- that's an improvement but not a game changer. That has to be changed. Getting the software to work and getting all the neural nets to be video, that's the game changer. Operator Thank you. Our next question will come from Emmanuel Rosner with Deutsche Bank. Please go ahead. Emmanuel Rosner -- Deutsche Bank -- Analyst Thank you very much. My first question is about your in-house cell manufacturing efforts. So in addition to building up capacity, some of the goals you highlighted was to cut the pricing or the cost by about 50%, boost the range by about 50% over a number of years. So wanted to know if your initial efforts are trending in that direction? What is, sort, of like the timeline to achieve these goals? And maybe related to this, how are you thinking about the time line for the cheaper Tesla, the entry model, eventually? Elon Musk -- Founder and Chief Executive Officer I think we feel very confident about achieving those targets, let's say, over a three-year time frame. I don't know it grew -- it's not like year one. So three, maybe four years, give ourselves a little room. But for three or four years, I'd say. Zach Kirkhorn -- Chief Financial Officer Yeah. We put together the trajectory in the Battery Day, and we're on that trajectory still. I think that's probably the best reference for the cost trajectory that we are on. Elon Musk -- Founder and Chief Executive Officer Yeah. We're aspiring to do better than Battery Day, but we are confident of at least for doing what we presented at Battery Day. Operator Thank you. Our next question will come from Ben Kallo with Baird. Please go ahead. Ben Kallo -- Robert W. Baird & Co. -- Analyst Hey, guys. Thank you, Elon. Congrats to the whole team. So we're trying to put together all the breadcrumbs. If I remember correctly, going back 10 years, you talked about when you have a mass market car on the road, that you'd step down as CEO and be a Chief Architect. And then we have -- you go into Hawaii, subsea lair and the x.com, and I'm trying to put it all together. There's a lot of questions there. Thank you. Elon Musk -- Founder and Chief Executive Officer Sure. Well, I expect to be CEO of Tesla for several years. So I think there's still a lot that I'm super excited about doing. And I think it would be hard to leave. I love these great projects halfway or part like hallway done. So I do expect to be running the company for several years into the future. Now obviously, nobody is or should be CEO forever. So I don't expect to be -- like the sheer amount of work required to be CEO of Tesla is insane."
META,"Apr 28, 2021, 5:00 p.m. ET",2021-Q1,"2020. In the third and fourth quarters of 2021, we expect year-over-year total revenue growth rates to significantly decelerate sequentially as we lap periods of increasingly strong growth. We continue to expect increased ad targeting headwinds in 2021 from regulatory and platform changes, notably the recently launched iOS 14.5 update, which we expect to begin having an impact in the second quarter. This is factored into our outlook. There is also continuing uncertainty around the viability of transatlantic data transfers in light of recent European regulatory developments, and like companies across a wide range of industries, we are closely monitoring the potential impact on our European operations as these developments progress. Turning now to expenses. We expect 2021 total expenses to be in the range of $70 billion to $73 billion, updated from our prior outlook of $68 billion to $73 billion. The year-over-year growth in expenses is driven by investments in technical and product talent, infrastructure, and consumer-related costs. We remain committed to investing for long-term growth, and our expense outlook reflects the underlying strength of our business and the compelling investment opportunities we see across our products, including consumer hardware. We expect 2021 capital expenditures to be in the range of $19 billion to $21 billion, down from our prior estimate of $21 billion to $23 billion. Our capital expenditures are driven primarily by our investments in data centers, servers, network infrastructure, and office facilities. Turning now to tax. We continue to expect our full-year 2021 tax rate to be in the high teens. In closing, the pandemic during the past year has presented some incredible challenges to our global community. During this time, we have worked to help both businesses and consumers stay connected. We remain focused on helping people and businesses navigate the transition out of the pandemic as more regions reopen. With that, France, let's open up the call for questions. Questions & Answers: Operator Thank you. We will now open the lines for a question-and-answer session. [Operator instructions] Our first question will be from the line of Brian Nowak with Morgan Stanley. Please go ahead. Brian Nowak -- Morgan Stanley -- Analyst Thanks for taking my question. I have two. The first one, just curious for a little self-report card if you will around commerce. You made a lot of progress around the million Shops, 250 million Shop visitors, where would you say you've made the most progress for advertisers and merchants so far. And then as you sort of look into the back half and into '22, what are the biggest areas of innovation that you're really focused on to continue to grow that number? Maybe talk about non-advertising monetization optionality? And the second one I had is around as we --I know it's early in the reopening but, would be curious to hear about what you're seeing from an engagement or time spent perspective of your user base in the areas of the world that a little bit more reopened and how you're thinking about that in the back half? Sheryl Sandberg -- Chief Operating Officer I can start on the first. So there's a lot of commerce activity on our platform already. You know, people really discover lots of products through our Feed and ad Stories -- through our Feed and Stories ads. It's been our largest ad vertical. COVID really accelerated it, but it's been one of the fastest-growing verticals we've had over the last five years. And we believe that Facebook drives hundreds of billions of dollars of off-site e-commerce GMV today through our ads business. So we've certainly made a ton of progress there. And our goals going forward are, we want to continue to be the very best place to advertise. We're going to have to do work to do that, as I mentioned in my remarks, that we can still use data in a privacy-safe way, get the right ads to the right person at the right time, but we think we are market leaders here. The other work we're doing, and Mark talked about it in his remarks and I did as"
NFLX,"Jul 20, 2021, 5:00 p.m. ET",2021-Q2,"And we're not seeing that in the detail that we have per country because they're launched in some countries and not in others. That gives us comfort. We're not seeing that in the total viewing like the Nielsen measures. And so we think mostly all of streaming is a growth story competing from linear TV and that that will be true until, say, streaming is 50%, 60%, 70% of viewing. And then, there's gonna be shakeout, and we want to be prepared and leading that. But again, the next couple years, streaming is still in the early stages. Nidhi Gupta -- Fidelity Investments -- Analyst Thank you. That's super helpful, Reed. That actually answered my next question. So maybe just shifting gears to your longer-term outlook. There's been some focus in the market recently on additional sources of revenue that you might have in the future. But before we get to that, help us understand what makes Netflix' core business a great investment for shareholders over the next five-plus years. What's kind of the growth, free cash flow, capital return algorithm that gets you excited that you think we should be focused on? Ted Sarandos -- Co-Chief Executive Officer and Chief Content Officer You go ahead, Spence. Spencer Neumann -- Chief Financial Officer Well, I was gonna throw it to one of you first if you like, so that's OK. You want to go? Reed Hastings -- Co-Chief Executive Officer The big picture that all investors get is being a secular Internet play. And as much as Amazon was strong in 2005 and 2008, all of us collectively underestimated the impact of what the Internet could do. And this is the Internet applied to entertainment, and consumer entertainment around the world is an enormous market. It has great potential for us and potentially our competitors. And so that big thesis is, again, what gets people excited. And when we're growing revenue by 19%, it's not that hard to grow 300 basis points of margin. As the revenue growth slows, it'll get a little bit tougher, but we'll continue to lean into that. And so I would say it's fundamentally a story of this big secular revenue growth management team committed to growing profits and cash flows and then returning those cash flows through buybacks, which Spence got a big start on this quarter. So over to you, Spence. Spencer Neumann -- Chief Financial Officer Yeah, no, I just -- you hit on all the key points. I would just add that it's still early days in pretty much every market around the world. I mean, if we -- if you go overall -- and Nidhi, as you know, we are roughly 20% penetrated in broadband homes, and we talked on the last call that there's 800 million to 900 million either broadband or pay TV households around the world outside of China. And as we continue to improve our service and the accessibility of our service, we don't see why we can't be in all or most of those homes over time if we're doing our job. And then, if you look at the range from an APAC region where we're only roughly 10% penetrated, so clearly early days, to our arguably, I guess, more tenured markets at least like in the UCAN, where even there with some of the metrics we put in the earnings letter streaming, and Reed alluded to this is, is only about 26%, according to Nielsen, of viewing consumption. So the 60% plus is still linear consumption. And then, within streaming, we're only 7% -- we're only at 7% share of total TV. So we are only 7% of that 26%. So there's big tailwinds there in terms of that overall trend from linear to streaming entertainment. And then, that plays out in the financials. So again, our profit margins over the last five years have grown five times. Our absolute profit dollars have grown 20 times as the business has scaled from about $100 million to $2 billion of operating income per quarter over the past five years. And so that will continue to scale, we think, in a healthy way because the nature of our business scales well. It's creating content from anywhere to everywhere in this very large addressable market with these big profit pools. So we think we have a long runway of growth, prof"
V,"Apr 26, 2022, 5:00 p.m. ET",2022-Q2,"from getting all the volume that we could potentially get. We are making strides, but there's still a ways to go in terms of having an acceptance footprint that mirrors the type of broad-based acceptance footprint that we have on the commercial side. It's a very important part of the business. It has attractive yields. It generally, has the ability to grow -- it was growing faster than consumer prior to COVID, and we believe that it can grow faster than consumer when we get back to a more normal time post the pandemic. And obviously, one big factor there will be the pace at which business travel returns. In the cross-border space. Obviously, our major thrust there is B2B Connect. And our major focus on B2B Connect continues to be to grow out the network by having more and more banks in more and more countries involved in the network, and that has been and continues to be our focus more so than driving transactions at this point. And our belief is that once we get the network to a level where it is quite robust, the transaction flow will happen fairly quickly. So those are some of the things that we're focused on to try to drive this very, very important space, which I continue to believe is an enormous opportunity for us going forward. Lisa Ellis -- MoffettNathanson -- Analyst Terrific. Thank you. Jennifer Como -- Senior Vice President and Head of Investor Relations Next question, Jordan. Operator Our next question comes from Tien-Tsin Huang from JPMorgan. Your line is open. Tien-Tsin Huang -- JPMorgan Chase and Company -- Analyst Thank you so much. Very strong broad-based results, which is what I want to ask about. With you far exceeding your revenue outlook, it looks like the client incentive plan is at the very low end of your expectations. So I just want to make sure I understand the relative performance there between the two. Is it something that the upside and revenue brings with it very little incentive pressure? Or is it more complicated than that? Vasant Prabhu -- Chairman and Chief Financial Officer No. It's two things, Tien-Tsin, as I said in the comments. No. 1, you saw that our cross-border recovery in the quarter was stronger than we expected. We did expect a good recovery, but this was stronger than we expected. That improves our mix. But even with the strong recovery, our mix of cross-border is still lower than it was pre-pandemic. So the mix affects the percentage. As you know, the percentage is numerator and denominator. When cross-border grows disproportionately, the denominator grows without a commensurate increase in the numerator just given the nature of how many of our incentives work. And that helps that percentage, and that's why the percentage came at the lower end of the range. The second reason is there are all these timing factors, timing factors in terms of renewals, timing as in when we recognize incentives linked to achieving certain milestones that contracts have, and that has pushed some of those incentives into the third quarter. So we expected third quarter to run above the upper end of the range, so to speak. For the full year, we still expect to be in the range we gave you. So it's all driven by a combination of mix and timing. Al Kelly -- Chairman and Chief Executive Officer The only thing I would add, Tien-Tsin, you followed us for a while. I mean, there's art and science to this in forecasting. And a lot of times, just dealing with the timing point that Vasant was talking about, we make assumptions about when deals will get done. We then make assumptions about how long it will take to get a deal launched or get a migration going, and then we make assumptions about the performance of that deal. And the odds of us getting all of that right across hundreds of deals that happen during the course of the year make this not the easiest thing to always forecast. But I think we do a largely good job, at the explanation that Vasant gave about why we came in at the low end this quarter is those main two factors of timing and mix, driven by outperformance across the border. Tien-Tsin Huang -"
JPM,"Jan 15, 2021, 8:30 a.m. ET",2020-Q4,"mber is going to be $700 trillion. People have to buy and sell to hedge, finance, with money around the world, FX, currencies, our pension plans. You know, obviously, volumes go up and down. You know, spreads generally over time has been coming down, what you would expect in a competitive market. So -- but -- but the expansion of the balance sheets of the central banks around the world that Jen showed you, the $3 trillion or $4 trillion in the Fed, but globally it is $12 trillion. And you know, companies have a lot of financing to do. And -- and of course, when you have higher DCM and higher ECM and higher M&A that also drives a lot of trading and so you got to kind of put that all in the mix. Matt O'Connor -- Deutsche Bank -- Analyst And obviously, the question is how sustainable is this, and I guess, one argument could be that technology has allowed banks to increase the velocity. You can talk about this for some time. Do you think that is a structural change that will benefit the businesses and specifically for you guys over a long-term time period? Jamie Dimon -- Chairman and Chief Executive Officer Yeah. The way we look is we kept our share of what things we are trying to find digitized and the business has done a kind of the way we expected them to do it. So, yeah, we think scale matters, technology matters, and hopefully, we think we can even grow our share. This is just trench warfare. So we expect to grow it, but we, you know, I don't -- it's a very hard to say what the base level is and we thought that the base level kind of revise down sometime last year, but will stay as high as it stayed in 2020 then I doubt. It may not go back to what it was. It may be higher than that. Operator Your next question comes from the line of Charles Peabody with Portales. Jennifer Piepszak -- Chief Financial Officer Hi, Charles. Charles Peabody -- Portales Partners LLC -- Analyst Good morning. I have a couple of questions related to fintech and unfortunately, I was born in a wrong generation, so I need a lot of help. How dependent is the fintech world on the banking system, as I understand they lay on top of the pipes in the plumbing of the banking system. Do you have any leverage in a competitive world against the fintech world? And -- and then, secondly, I noticed that the OCC gave banks the green light to use public blockchain networks and stable points. Can you explain how -- what important that has to JPMorgan? Jamie Dimon -- Chairman and Chief Executive Officer Yeah. You go ahead with blockchain there. Jennifer Piepszak -- Chief Financial Officer Oh, OK, sure. So -- so that -- that guidance enables an offering of stable going on a public blockchain. So that doesn't impact JPM coin. JPM coin, you should think about as the tokenization of our customer deposits. So, it's obviously very early. We will assess use cases and -- and customers demand. But -- but it's still too early to see where this goes for us. Jamie Dimon -- Chairman and Chief Executive Officer And we are using blockchain for sharing data with banks already and so we are at the forefront of that which is good. The other question was about fintech. You know, look, first of all, they are very good competitors. And I pointed out to a lot of people, you know, PayPal were $250 million, Squares were done in $20 million, Stripe is worth $80 billion, Ant Financial is down quite a bit now. But they are there. They are strong. They are smart, some effectively ride the rails. So we bank a lot of them. You know, we help them accomplish what they want to accomplish and you have -- so my view is we are going to compete, we will need to and we have to look at our -- look inside about what we could do better or could have done better and things like that. So I am confident we will be able to compete. But I think we now are facing old generation of newer, tougher, faster competitors who -- and if they don't buy the rails of JPMorgan, they can buy rails of someone else. So you see, I have told you before, everyone is going to be involved in payments. Some banks going to white la"
MA,"Oct 27, 2022, 9:00 a.m. ET",2022-Q3,"en momentum in Italy with IGT securing an expanded deal that includes a credit and prepaid flip, as well as securing the current Mastercard portfolio. And in Latin America, we have renewed our exclusivity agreement with Mercado Libre and secured incremental credit share with Banco Scotiabank Colpatria. Overall, another great quarter with notable wins. That shift to one area that is sometimes underappreciated, that is how we are enabling growth in payments by giving people and businesses more places to use the MasterCard. We have added more acceptance locations in the last five years than the previous 50, and we have now accepted at more than 90 million merchant locations. The preferential contactless payments that grew over the last two years continues. More than half of the in-person switch purchase transactions are now tapped up from approximately one-third pre-pandemic. And this trend will be bolstered by the adoption of new technologies, such as Tap on Phone. Further, our technology and global reach enable growth and acceptance while helping our partners drive their digital strategy. For example, we have signed with McDonald's to use our gateway capabilities, enabling them to easily offer more solutions to new markets beginning in Middle East and Africa. Finally, we're driving growth in payments while leaning into innovation to capture a prioritized set of new payment flows. We continue to make progress in going after flows in the disbursements and remittances space by expanding into new use cases and geographies. For example, in the U.S. gig economy, we signed a new global agreement with Airbnb to facilitate host payouts using Mastercard Send in select markets. We've also expanded with gaming payouts, launching our Gaming Fast payout program. To address account-to-account, cross-border, and domestic payments, we have signed a deal with Pagero, a leading global B2B network and solutions provider that provides accounts payable automation to some of the world's largest corporate brands. We're also growing commercial point-of-sale transactions by targeting small business, corporate T&E, purchasing, and fleet flows. In the U.S., we announced our exclusive co-brand partnership with First National Bank of Omaha to issue the Hello Allice small business card. This product offers small business owners industry-leading access to tools, benefits, and services with a focus on equitable access to credit, very important. We also continue to target B2B accounts payable flows by expanding access and reach, leveraging our virtual card capabilities. We signed a deal with Marqeta to enable our next-generation virtual card solution, Instant Pay. This solution intelligently and automatically sends instant payments to suppliers. We have also signed an agreement with SAP Taulia to integrate our virtual card solutions into Taulia and SAP solutions, enabling their customers to facilitate virtual cost payments. We're also well-positioned to capitalize on the return of travel with our Mastercard wholesale travel program. In Bahrain, we signed a deal with Infineon for their online travel agency and travel management company, Volumes. And in Europe, we signed a deal with the fintech Swile while going after B2B travel flows in Europe and Latin America. As you can see, we continue to make steady progress in addressing our prioritized set of new payment flows. Now turning to services, where we delivered another quarter of strong revenue growth. Our services deliver a diversified revenue stream for Mastercard beyond payments. We accomplished this by adding new service capabilities, as well as extending existing service offerings into new and existing customers. There continues to be a tremendous growth opportunity in this space. First off, we're excited about Dynamic Yield's unique personalization platform, which offers a great example of how we're adding new service capabilities. Since complementing the acquisition earlier this year, we have added dozens of new retail and commerce customers. A great example is [inaudible], a German fashion store. I"
GOOGL,"Jul 26, 2022, 5:00 p.m. ET",2022-Q2,"we will soon begin early testing of AR prototypes in real-world scenarios. Our goal is to learn how they can help people in their everyday lives. Our investments in commerce are another way we deliver helpful experiences. People are shopping across Google more than 1 billion times each day. We see hundreds of millions of shopping searches on Google Images each month. Merchants will soon be able to submit 3D images of their products to appear directly on Google Search. So customers can try before they buy. We're also focused on bringing together hardware, software and AI in a range of helpful devices. At IO, we announced great new products, including Pixel 6A, Pixel Buds Pro and Pixel Watch. We are currently taking preorders for Pixel 6A and Pixel Buds Pro. It's been great to see the positive feedback so far. And on platforms, I'm proud that Android remains the world's most popular operating system with more than 3 billion monthly active devices worldwide. Last year alone, consumers activated 1 billion Android phones. We are making it easier for Android users to share photos and communicate with friends and family with a modern messaging standard called Rich Communication Services or RCS. Across our platforms and beyond, we keep more people safe online than anyone else in the world. Safe browsing on Chrome browsers help protect billions of people every day by warning them when they try to access dangerous sites or files. Earlier this year, we rolled out a new machine learning model that identifies more than twice as many potentially malicious sites and phishing attacks as the previous model, helping to contribute to a safer and more secure web. We've also unified our password managers across Chrome and Android. Now, stored passwords can be grouped and protected across devices, apps on the web. Taking a closer look at YouTube. YouTube Shorts are watched by over 1.5 billion signed-in users every month with more than 30 billion daily views. In Q2, YouTube TV surpassed 5 million subscribers, including trailers. There's also a lot of potential for shopping on YouTube. Just last week, we announced a partnership with Shopify. It will help creators easily connect their stores to YouTube and enable shopping across their live streams and videos. There's more to come here. Moving on to Cloud, which surpassed a $6 billion quarterly revenue mark for the first time. Q2 revenue grew to $6.3 billion, with momentum across Google Cloud Platform and Workspace. We saw continued demand in all geographies with global brands like Target in North America, H&M Group in Europe, Banco BV in Latin America and BioPharma in Asia. We launched Google Public Sector in June, expanding our commitment to help U.S. government agencies and public institutions accelerate their digital transformations from New York State and Arizona State University to the U.S. Forest Service and the state of Rhode Island. Customers are choosing Google Cloud as their technology partner because of our leadership in four areas. First, we continue to lead in the data cloud market because we unify data lakes, data warehouses, data governance and advanced machine learning into a single platform that can analyze data across any cloud. Companies like S.C. Johnson, Northwell Health, and the Golden State Warriors choose Google Cloud for our strength in data analytics. Our capabilities helped Swiss Air optimize its flight operations. They're also helping Engie explore ways to optimize wind energy management and forward to create smarter factory floors. Second, companies like BetaBank and Mayo Clinic choose their open cloud infrastructure to modernize their IT systems on our cloud at the edge or in their data centers. Our infrastructure scales to help customers like Deutsche Telekom modernize its network, Wipro to modernize its core systems and Garvan Institute of Medical Research to process 14,000 genomes in under two weeks. Our multi-cloud strategy remains a differentiator for customers like Elevance Health formerly known as Anthem and AMD. Third, cybersecurity. Google has always provid"
AAPL,"Jul 30, 2020, 5:00 p.m. ET",2020-Q3,"ight now, do you have a sense in terms of where is this trend coming from? Is it more replacement cycles getting shorter? Or are we just getting new customers into the iOS ecosystem? Because clearly, these growth rates seem fairly impressive in the context of a pandemic and the upcoming refresh cycle that we have. Tim Cook -- Chief Executive Officer I think, Amit, it's a combination of a strong launch with iPhone SE and in probably some pickup because of the economic stimulus that hit different countries at different points in time and probably some of the reopening that took place across the quarter, particularly in May and June, as stores started to reopen. And so it's a combination of all of those. And as you know, we've been having a strong cycle with the iPhone 11 and the 11 Pro. And so when you combine a strong cycle plus an iPhone SE launch plus the reopening of the stores, et cetera, I think there were a lot of things that were going in the right direction there. Amit Daryanani -- Evercore ISI -- Analyst Perfect. That's helpful. And I guess, Luca, if I could just follow up with you. I'd love to get your perspective on how do we think about the overall 38% gross margins. What do you think are the levers to improve this as you go forward, not really September quarter but over the next one or two years? And in that context, do you see a point where the product gross margins start to stabilize because they have been trending somewhat lower for the last couple of quarters now? Luca Maestri -- Chief Financial Officer Yes. Let me start with what we've seen during the June quarter. At 38%, we were down slightly sequentially but up the same amount on a year-over-year basis. And really, the big negative impact that we felt for several quarters now has been the strength of the U.S. dollar. So the foreign exchange impact on a sequential basis was 90 basis points, on a year-over-year basis was 130 basis points. So obviously, that is something to keep in mind. And then the other aspect, I think it's always important to keep in mind, Amit, is that we sell many different products. They have different margin profiles. And so sometimes, a different mix can have an impact on the aggregate level of products' gross margins. And we're very pleased to see the performance of Mac, iPad and wearables, but obviously, it's a different mix. Going forward, the variables are always the same. The foreign exchange will continue to play an impact. The mix of products that we're going to be selling will have an impact as well. The commodities market has been relatively benign, and we'll see how that plays out over time. As you know now for several years, we've been managing gross margin, I would say, fairly well in spite of some difficult situations like the one with the strength of the dollar, and we plan to continue to make good trade-off decisions between revenue and units and margins. Amit Daryanani -- Evercore ISI -- Analyst Thank you. Luca Maestri -- Chief Financial Officer Can we have the next question please? Operator That will come from Kyle McNealy with Jefferies. Kyle McNealy -- Jefferies -- Analyst Hi. Thanks a lot for the question. Our team in Asia, recently, we did some survey work on smartphones in China. It showed that there's still a high proportion of the installed bases on six, seven and eight devices. I know you talked about the trade-in programs and promotions that you've been doing there. I wonder if you can tell us whether there's anything else that you're doing to get these customers into your latest technology. What might those customers be looking for? And how should we think about when an upgrade cycle might come on more strongly there in China? Tim Cook -- Chief Executive Officer Customers upgrade at a different pace, and I don't have in front of me the exact installed base data from China. But I mean much like in other geographies, the upgrades have extended some. It extended some during the depths, if you will, of the pandemic in China and the rest of the world and probably, to some degree, is happening still at this"
MA,"Jul 28, 2022, 9:00 a.m. ET",2022-Q2,"ty because we feel there is a tremendous opportunity. This is -- it's going to help to pull so many new customers into -- consumers into the ecosystem, on the financial inclusion side, on the SME side and so forth. So hard to answer very specifically right now where we are, but those are those kind of different kind of models, and it's going to be multi-geography and it's going to be around to stay. Sachin Mehra -- Chief Financial Officer And I'll just add to that. A couple of thoughts. One, I think defining any sort of TAM in open banking at this point in time will just be an incorrect -- we'll be looking for precision where it doesn't exist because use cases are still to develop. So I think what we see is tremendous potential with what open banking does by providing us access to an alternative network. It's a data network, which comes with its own sets of use cases. The second point I'll bring out is regardless of whether it's open banking or digital ID or all of our services, we think about that in the context of the revenues they generate for Mastercard, the company, but it's really important to remember that the -- all of this is one big circular wheel. Our open banking assets power our payments, our services power our payments. So there is the collateral advantage, which comes through by virtue in being in all of these spaces, which trickles down to all parts of our business. Bob Napoli -- William Blair and Company -- Analyst Thanks. Michael Miebach -- Chief Executive Officer Thank you so much for that last question. Exciting space. We're going to close the call now. We're at the top of the hour. I appreciate your time this morning. Do want to thank our 24,000 colleagues around the world, and I want to thank all of you who have joined us today for your continued support for Mastercard. Talk to you in the quarter. Thank you so much. Operator [Operator signoff] Duration: 0 minutes Call participants: Warren Kneeshaw -- Head of Investor Relations Michael Miebach -- Chief Executive Officer Sachin Mehra -- Chief Financial Officer Harshita Rawat -- AllianceBernstein -- Analyst Sanjay Sakhrani -- Keefe, Bruyette and Woods -- Analyst Rayna Kumar -- UBS -- Analyst Darrin Peller -- Wolfe Research -- Analyst Lisa Ellis -- MoffetNathanson -- Analyst Tien-Tsin Huang -- J.P. Morgan -- Analyst David Togut -- Evercore ISI -- Analyst Ramsey El-Assal -- Barclays -- Analyst Bryan Keane -- Deutsche Bank -- Analyst Dave Koning -- Robert W. Baird and Company -- Analyst Jason Kupferberg -- Bank of America Merrill Lynch -- Analyst Bob Napoli -- William Blair and Company -- Analyst More MA analysis All earnings call transcripts"
TSLA,"Oct 23, 2019, 6:30 p.m. ET",2019-Q3,"most underappreciated group. I think it could be bigger, but it's certainly of a similar magnitude to Tesla Solar. Meaning, if you take Tesla Solar plus battery stuff, Tesla Energy is, I think, the least appreciated element. And part of it is like, for about 18 months, almost two years, we had to divert a tremendous amount of resources. We had to basically take resources from everywhere else in the company and apply them to the Model 3 production -- fixing the Model 3 production ramp and simplifying the design of the Model 3. So, for about a year-and-a-half, we unfortunately stripped Tesla Energy of engineering and other resources and even took the cell production lines that were meant for Powerwall and Powerpack and redirected them to the car because we didn't have enough cells. Now that we feel that Model 3 production is in a good place and headed to a great place, we've restored resources to Tesla Solar and storage. And so that's going to be, I think, the really crazy growth for as far into the future as I can imagine. And but we had to do it because if we didn't solve Model 3, Tesla wouldn't survive. So unfortunately, that shorted pretty much the other parts of the company. But it would be difficult for me to overstate the degree to which, I think, Tesla Energy is going to be a major part of Tesla's activity in the future. And Tesla's mission from the beginning has been to accelerate the advent of sustainable energy, that means sustainable energy generation and sustainable energy consumption in the form of vehicles, electric vehicles. And I think one of the stats we will publish in the future along with our vehicle production is that how much sustainable energy Tesla produced, or Tesla customers produced with our products. And I think you'll see that we're producing about the same or comparable amounts of sustainable energy as are consumed in the car -- in our cars. Because for the longest time, the rebuttal against electric cars is like, don't they use dirty power from coal? Well, no, we're solar power. Obviously the solar power came from companies, not just Tesla. Yeah, sustainable generation and sustainable consumption, and that's what we're doing. And we'll do more of it. Martin Viecha -- Senior Director, Investor Relations Okay. Thank you. The next question from investor is related to full self-driving attach rates. Given that self-driving regulations will evolve unevenly in different markets, would you consider selling modules individually? For example, navigate an Autopilot or Summon versus current strategy of selling the package as a whole in order to encourage adoption and getting more data? Elon R. Musk -- Founder, Chief Executive Officer & Director I think we'll continue to sell it in a bundled fashion. I mean, any Tesla that you buy already has basic Autopilot included. So, I think that's -- that really is a pretty major advantage relative to other cars. But then, the next step will be full self-driving with Smart Summon being kind of the beginning of that. And obviously, we kind of have the two sides of it -- highway Autopilot and we've got Summon which is sort of low speed in parking lots and that kind of thing. Now we need to work on solving the intermediate portion which is traffic lights and stop signs, and navigating through windy roads and -- windy narrow roads in suburban neighborhoods. That's the focus right now. You're going to want it all. That's the answer. Something everyone is going to want for sure. Martin Viecha -- Senior Director, Investor Relations Okay. Elon R. Musk -- Founder, Chief Executive Officer & Director And as I said before, at the point which we're able to upload the software enabling a Tesla to become a robo-taxi, expect to have that from a functionality standpoint by the end of next year. In terms of the functionality -- basic functionality aspirationally end of this year but reliable enough that you do not need to pay attention in our opinion by the end of next year. And it would need -- the acceptance by regulatory authorities will vary by jurisdiction. But that transitio"
AMD,"May 03, 2022, 5:00 p.m. ET",2022-Q1,"and there is absolute interest in trying to put these solutions together. And more broadly, though, I think what we see in terms of growth going forward, there will be more customization around solutions for large -- for these large customers, whether it's cloud customers or large telcos or even some edge opportunities. And having these compute engines will allow us to basically optimize those solutions together. So we look forward to telling you sort of a lot more about sort of how we're thinking about these road maps as we go into our financial analyst day in June. Mark Lipacis -- Jefferies -- Analyst And a follow-up, if I may, how -- as you develop those more customized solutions for your larger customers, how important is it to have a -- have your own software ecosystem versus to kind of pull everything together versus to kind of rely more on the open source community or other players for that software layer to sit on top of that? And that's all I had. Lisa Su -- Chairman and Chief Executive Officer Yes, Mark. So the software is very, very important. And software across all of those engines is important, and Xilinx comes with a very strong software stack. We have our own software stack. You'll see us unify that, and that will be an important part of our road map going forward. And to your open source point, we do believe in open source. We think collaboration is an important part of the ecosystem as well. So all of those are things that we are working on to provide more complete solutions for our customers. Mark Lipacis -- Jefferies -- Analyst Thank you. Operator Thank you. Our next question is coming from Ross Seymore from Deutsche Bank. Your line is now live. Ross Seymore -- Deutsche Bank -- Analyst Thanks for letting me ask a question. Congrats on the strong quarter and closing the Xilinx deal. Lisa, just again, a lot of moving parts, you've said that a bunch of times so forgive me if I dive into them a little bit. But as we think about your second quarter guide, I just wanted to get some of the moving parts that you're assuming there. Because I take up the Xilinx side or just give you the full quarter of it and a little bit of guidance there, it looks like the core AMD is kind of growing low single digits sequentially. You've mentioned about the PC side seeing some weakness. You've talked about that a bunch and then the strength in the Server and the Semi-Custom side. So any sort of color about the puts and takes to get you that organic growth. Lisa Su -- Chairman and Chief Executive Officer Yes, sure, Ross. Thanks for the question. So for the second quarter, in particular, the second quarter guide is driven by sort of one is the full quarter of the Xilinx business and strength in our Server business primarily as we see the second quarter. There are other puts and takes, I would call them, on the smaller side of that. If you recall, I mean, if you think about whether you talk about the PC business or the gaming business, they tend to be more second half weighted. So the second quarter doesn't tend to be a strong quarter for those businesses, and so that's not the driver of the sequential increase. Ross Seymore -- Deutsche Bank -- Analyst Perfect. And I guess a similar question, a perfect segue in your answer there. When I think about the full year guide, obviously, incredibly impressive. You talked about the organic increases. But it looks like, especially with that extra week, that you're kind of going up low -- or mid- to high single digits in one of those quarters and kind of flattish after that just to get to the full year. So a similar sort of question. What are the puts and takes there? Is the PC seasonality something you're kind of leaning against a little bit relative to the high single-digit drop you've talked about where you guys will still grow but maybe not as fast as in years past, given that backdrop? Or is there something else that plateaus out in the second half? Lisa Su -- Chairman and Chief Executive Officer I'm not sure that I see a ""plateau"", Ross so I wouldn't say that. What I would say, tho"
NFLX,"Apr 19, 2022, 6:00 p.m. ET",2022-Q1,"And that's really the sort of the go signs for us that we've got it figured out, and we want to ramp and scale the investment. Doug Anmuth -- J.P. Morgan -- Analyst OK. Ted, Netflix shares are back to, of course, back to pre-COVID levels, but they're also around the same level they were at nearly four years ago, in 2018. So maybe you could just talk about your ability to continue to hire great talent within the company. Ted Sarandos -- Co-Chief Executive Officer and Chief Content Officer Look, I think that when people look to join Netflix, they join Netflix because they believe in this long-term vision of the move into away from the near television and kind of transactional movie business into a business that could be much more satisfying for consumers and deliver on the culture and deliver big audiences and really move the market. One of the things I would say is, by way of example, is what we can do around the world. Our teams are on the ground, our creative executives, our business executives, are on the ground all over the world, are much more empowered. They are much more collaborative. And they're much more risk-tolerant than their counterparts all over the world, which enables -- it creates an ecosystem for something like ""Squid Game"" or for like a ""Lupin"" or ""La Casa de Papel"" to exist, and that is our ability to do that and to bring kind of global notoriety to local content players is unprecedented and it's pretty unrivaled at this point. So, I think people look at that as something to be very exciting to be close to. And that the long, long term, the long-term story is, the broadband household penetration, we're going to get to those houses. There's a long term and a short term. In the short term, you've got highly penetrated users, and we're working through that right now. And in the long term, you've got things like smart TV sales and a bunch of macro factors that slow that down, that we all see that as temporary, including everyone who works at Netflix. So, everyone really does see the long play. And I know I've been here for more than 20 years and have been through a couple of these. And yes, they don't feel great in the moment. But man, it feels great to come out on the other side of it. And I think everyone is knowing that that's going to come up, and we'll come out on the other side of it. Spencer Wang Doug, we have time for two last questions, please. Doug Anmuth -- J.P. Morgan -- Analyst OK. I wanted to -- just back to content for a minute. You've driven a lot of attention to ""Formula 1"" with ""Drive To Survive."" Given the success there, you know, sports is obviously a frequent topic, how are you thinking about sports? You know, there's certainly more rumblings around doing things related to NFL media and NFL films. How are your intentions shifting perhaps here at all? Ted Sarandos -- Co-Chief Executive Officer and Chief Content Officer So look, we look -- we expand our content verticals constantly. For us, I look at games as a great example of adding something brand new to the service, something new for our members to enjoy. We're going down the game path because I think it fits us really nicely. Our ability to tell stories and build worlds are very consistent with our existing skill set and culture, and we think that we can build a big revenue and profit stream by adding games. Why -- we're not quite so sure that you can add the big profit stream by adding sports. Other folks are trying it, and we're going to -- and we've gone down this other path. In the meantime, we're incredibly excited about, as you mentioned, the ""Formula 1: Drive To Survive"" as an example of kind of sports-adjacent programming that our members really value. We've grown the sport tremendously. We're taking that bet in the world of tennis and golf and others coming up. And we also have an incredible sports documentary business that keeps growing. So, I'm not saying we never would do sports, but we would have to see a path to growing a big revenue stream and a big profit stream with it. Doug Anmuth -- J.P. Morgan -- Analyst OK. And"
AMZN,"Apr 28, 2022, 5:30 p.m. ET",2022-Q1,"nter-related depreciation, rent utilities, those types of things, the AWS tech employee costs and costs to support the dot-com website and a number of other technology initiatives that we're working on. For Q1, it was up about 19% year over year, which was down a little bit less than what you see for year-over-year growth throughout 2021. That growth rate, though, does, of course, include an offset Q1 2022 related to -- a partial offset, I should say, related to the change in estimated useful lives for servers, which was a little under $1 billion of impact in the first quarter. In terms of just the investment areas, I'd just reinforce it's continued investment in the tech infrastructure. One of the bigger pieces remains AWS, of course, there. And then, just broadly speaking, inclusive of AWS, the headcount to support the build-out and support that the AWS team is doing, as well as some consumer tech teams, Alexa and Echo devices and certain other areas there. Operator Our next question comes from Doug Anmuth with J.P. Morgan. Please proceed with your question. Doug Anmuth -- J.P. Morgan -- Analyst Thanks for the question. You talked about how you're no longer chasing physical or staffing capacity. And, in fact, you're actually running at an excess at the moment. So hoping you could talk a little bit about how long you think it could take to regain some of the productivity and cost efficiencies in the fulfillment network. Thank you. Brian Olsavsky -- Chief Financial Officer Sure thing. Well, let me start with productivity. We began and ended the quarter with essentially 1 billion -- excuse me, 1.6 million employees, 1.6 million employees. Most of them, of course, are in operations. During the quarter, we had a peak of 1.7 million, and we were able to work that down by the end of the quarter. So we have certain ability with contractors and all to adjust headcount. But for the most part, our employees are what we call blue badges or permanent Amazon employees. And now we work on getting productivity up. It's a combination of productivity at the employee level, but it's also a matter of productivity of the -- and harmonization of the network, having the right demand in the right -- excuse me, the right capacity and the right demand matched at the warehouse level and the transportation node level. So that's what we're working on. And we've made good strides in the last month, and we're -- we see a line of sight to getting back, not all the way to pre-pandemic rates in the next quarter or two, but a good bit of the way. And that's what we're firmly focused on and working on, and that's in the warehouses and also in transportation. Is there a second half to that question? OK. Go ahead. Operator Our next question comes from Eric Sheridan with Goldman Sachs. Please proceed with your question. Eric Sheridan -- Goldman Sachs -- Analyst Thanks for taking my question. I hope you're both well. Maybe if I could just stick on the capacity issues for a minute. In terms of the $4 billion number you're calling out, maybe the first part of the question would be, is that entirely the additional issues that are now front and center versus the issues we talked about from Q4 into first half of '22 from a logistics and supply chain standpoint, where we had talked about permanent versus transient cost nature of that $4 billion as you move through the first half of the year? So is this above and beyond that and above and beyond some of the lingering COVID costs that you had called out in prior periods? Just wanted to unpack some of the stack build of the $4 billion versus thing we already knew before. And then, maybe following up on Doug's question and asking it a little bit differently. When you look out to the back part of the year, not asking for how you might guide, but there's a typical cadence to fulfillment expense build and employee build and headcount build into the back part of the year as you build the capacity toward the holidays. Will that have a very different cadence to it this year because you find yourself with this much excess ca"
AAPL,"Apr 30, 2020, 5:00 p.m. ET",2020-Q2,"y for the long term, right. So we know that the core of the business, the core of the company is innovation and product and services development, so we will continue to invest in our pipeline. We're very excited about what we have in store and so we will continue to invest there. Obviously, we are aware of the environment, and so we will manage the SG&A portion of the company tightly. We are making new investments in the new Services that we launched recently. As you know, we purchased the baseband activities from Intel. And obviously, we want to develop that technology because we consider it's a core technology for us. And so we will try to balance the need to continue to invest during difficult circumstances and the fact that we like to manage the business wisely. Tejas Gala -- Senior Manager, Corporate Finance and Investor Relations Thank you, Shannon. Can we have the next question, please? Operator That will be from Wamsi Mohan with Bank of America. Wamsi Mohan -- Bank of America -- Analyst Yes, thank you. Tim, I think I speak for everyone on the call that we're all very appreciative of Apple's contribution during this pandemic. We all appreciate it. Tim Cook -- Chief Executive Officer Thank you very much for that. Wamsi Mohan -- Bank of America -- Analyst No, it's been great. Tim, in past downturns, we have not really seen Apple pull back from investing, and you as a company have largely maintained the product introduction cadence. But given these are unprecedented times and there are a lot of challenges associated with product development during a time when you have a global footprint for such activities and unable to really do a lot of things in person, how should we think about the product development and introduction cadence as we go over the next several quarters? And I have a follow-up. Tim Cook -- Chief Executive Officer Well, we're continuing to operate. And so as you can tell, along with everything else going on, we were able to launch and ship the iPhone SE, the iPad Pro with the Magic Keyboard and the MacBook Air. And so business continues and the new products are our lifeblood. And so we're continuing to work. Everybody is getting used to the work at home. In some areas of the company, people may be even more productive. In some other areas, they're not as productive, and so it's mixed depending upon what the roles are. But as you can tell from what we did this quarter, despite the environment, we have our head down, are working because we know that our customers want the products that we've got. They are even more important in these times. Wamsi Mohan -- Bank of America -- Analyst Thank you, Tim. As a follow-up, I know you're doing a lot with both the Apple Card and financing plan for iPhones to get your products in the hands of customers. But I was wondering, would you consider using the strength of your balance sheet maybe a little differently structured, maybe deferred payments or things like that? Or do you think that there could be other steps like bundling that you will consider versus what you already currently do? Thank you. Tim Cook -- Chief Executive Officer Well, as you know, we launched the payment plan earlier on Apple Card for iPhone. We're working on doing that for other products as well, and you'll see something on that shortly. So we're very focused on the affordability point. The trade-in programs also are fairly wide across the board and act as both something great for the environment, also something great from a way to get that entry price down. In terms of deferred payments, nothing to announce today. But as you know, having access to the Card, at least in the United States, gives us more degrees of freedom, and that is not using our balance sheet. But we play a key role in deciding what kind of programs go with the Card. Tejas Gala -- Senior Manager, Corporate Finance and Investor Relations Thanks, Wamsi. Can we have the next question, please? Operator That will come from Morgan Stanley's Katy Huberty. Katy Huberty -- Morgan Stanley -- Analyst Thank you for the question. I hope the"
META,"Oct 25, 2021, 5:00 p.m. ET",2021-Q3,"nomy of both digital and physical goods that would exist today and allow millions of people to be able to do work doing what they love and enabling a whole different economy around that that I think is going to be another important pillar of our business over the next decade. So, on the next, you know, one to three years, you know, I mean, I almost -- I wouldn't focus on the sort of business outcomes there quite as much as I would just, you know, that the products and the infrastructure that we're putting in place. So, there's -- there are new platforms, there's hardware components, there's the whole virtual reality product line, there's the augmented reality product line. You know, we're kind of starting to put those pieces in place. There's the operating system and development models for all these new creative tools. There's the commerce part of what we're doing around this and how they time to the broader commerce effort across family of apps. And then there's all the social platform work that we're doing with our Horizon effort that touches a bunch of different areas of what we're doing. But I think you'll see all of those pieces start to be built out and start to mature a bit over the next few years. And then, you know, if we do a good job on this, and I would say later in this decade, is when we would sort of expect this to be more of a real business story. But I think what we kind of think about it for the near term is are we delivering the product experiences that are completely groundbreaking and that people try this latest thing, that is amazing and can see a glimpse of where this is going. And that will pave the way for the future. The business North Star that I mentioned in my opening remarks are, you know, we hope that by the end of the decade that we can, you know, help a billion people use the metaverse and support hundreds of billions of dollars of digital commerce. And I think if we can do that, then this will be a good investment over there for the long term. Dave Wehner -- Chief Financial Officer Hey, Doug, it's Dave. We're not, at this point, providing a specific revenue outlook for 2022. You know, we continue to see opportunities to grow both impressions and price next year, so we're obviously coming off an incredibly strong year of revenue growth in 2021. So, we do expect deceleration in growth in 2022 from the full-year 2021 rate. And there's, you know, there's sort of uncertainty implied in our range for Q4 revenue and I think that holds true for the 2022 outlook as well. There's a lot of factors at play, including advertisers working their way through the impact of the Apple platform changes. We're obviously navigating a challenging macroeconomic environment, we'll have a, you know, better sense of how these things work together as we get through the holiday season. But yeah, given the expense growth that we outlined, you know, which, you know, is implied in the 30 percent, you know, north of 30 percent, we don't expect revenue growth at that level. So, we would expect 2022 margins to be lower than 2021. Operator Our next question -- Dave Wehner -- Chief Financial Officer France, you can get the next question. Operator Is from Justin Post with Bank of America Merrill Lynch. Please, go ahead. Justin Post -- Bank of America Merrill Lynch -- Analyst Great. Thank you. Maybe one for Mark and one for Dave. Getting 18- to 29-year-old users is not easy. I wonder if you could maybe outline some of your strategies to kind of get some progress there. I know it's multi-quarter. And then, Dave, in your guidance for Q4, can you help us on the IDFA impact? You know, is it contemplated to be about the same as 3Q? A little bit better as you work on your measurement? Or is it a little bit more of a headwind in Q4? Thank you. Dave Wehner -- Chief Financial Officer Yeah, Justin. I can take -- yeah, I can take the -- I can actually take both of those questions. You know, in terms of the younger demographics, our products are, obviously, widely used by young adults and we remain focused on building out those product c"
V,"Jan 26, 2023, 5:00 p.m. ET",2023-Q1,"Morgan Stanley -- Analyst Thank you very much, and thanks for all the work and effort, Al, over time. And I wanted to address kind of a bigger picture question for you and maybe for Ryan, is that one of the questions we get a lot from investors is how do we think about kind of the challenges as we eventually reach some level of maturation of card penetration, especially in the U.S. and developed markets, especially given some of the preferences we've seen in other countries for them to develop domestic schemes or at least favor domestic schemes. So, just wondering if you can provide a little bit of reflection on what we've seen thus far, and maybe, Ryan, some ideas on how we should think about kind of maturation and expansion issues going forward. Al Kelly -- Chairman and Chief Executive Officer I'll start, and then certainly, Ryan can add. First, I would say that I believe deeply that there is tremendous opportunity in the card -- traditional card world, both in the consumer space, as well as in the B2B space. There are still hundreds and hundreds of millions of people to bring into the financial mainstream. There are still trillions of dollars spent on cash and check. And when you look in the B2B space, we see a total addressable market of about $120 billion across carded opportunities, cross-border and payables and receivables, where I talked a bunch about a number of examples that we have worked on over the course of the last quarter. RTP systems are helping to digitize money movement. That's a good thing. If you look at the disruption caused by monetization in India, it ended up being extraordinarily positive in terms of what it's done in terms of growth in card credentials, as well as acceptance, which by the way, I also should have said in the traditional world, there's still a tremendous opportunity to grow our acceptance footprint from the level that it's at today. These RTP systems are also helping us and we're leaning into them. They're helping us extend the reach of Visa Direct as we utilize them as part of our network-of-network strategies. They're helping us with open banking through Tink, where we can facilitate greater access to more developers on one end and more financial institutions on the other end. I think RTPs represent an opportunity for us to sell value-added services. And I still think the advantages of -- and the capabilities associated with the carded space are still far superior to account that the consumer protections, etc. And if you look at PICs in Brazil, you look at UPI in India, these things developed and were put in the marketplace, and we're seeing a fair amount of -- hearing a lot from clients in terms of fraud associated with these networks. And in many ways, that makes sense. They haven't spent the decades and hundreds of millions of dollars that Visa has to build security, fraud capability, risk management capabilities that help keep the ecosystem secure and trusted by consumers. And I think we have the opportunity over time in the A2A space to bring some of those capabilities and earn some good revenue and yield from them. So, Ryan, what would you add to it? Ryan McInerney -- Incoming Chief Executive Officer Not a lot to add to that, Al. It's great. I mean, James, just in short, we still see a ton of runway. We love our products. We love our people. We love our brand. We love our position and all these markets, whether they're mature or emerging around the world. So, tons of runway. Jennifer Como -- Senior Vice President, Head of Global Investor Relations Next question. Operator Our next question comes from Dan Perlin with RBC Capital Markets. Your line is open. Dan Perlin -- RBC Capital Markets -- Analyst Thanks. Hey, Al, I just wanted to ask a question about how when you look at the new business that you've won, let's say, in the past 12, maybe even 18 months or so, how that kind of sets Visa up as we think about the next, I would say the next two years, not really much beyond that. But the question really here is, is it tilting to take advantage more of debit trends, credit t"
NFLX,"Jan 20, 2022, 6:00 p.m. ET",2021-Q4,"nternational programming. We're glad that we started that seven years ago with ""Club de Cuervos."" And now we were betting that you could take films and series from anywhere in the world and entertain the entire world. And we were getting more -- bigger and bigger milestones against that goal. And now we have proven to have kind of global sensations from France with ""Lupin,"" from Spain with ""La Casa de Papel"" and ""Elite"" and then in the biggest way possible in 2021 with ""Squid Game,"" which has become our biggest series ever. And it is unapologetically and perfectly Korean. So it's not built to be this kind of global thing. It's proving that great storytelling from anywhere in the world can entertain the world. And our other big bet was our investment in big-budget feature films and our bet that we could effectively release them and compete with big theatrical releases for audience and for attention. And ""Red Notice"" this year, of course, and ""Don't Look Up"" have become our No. 1 and No. 2 most-watched movies ever on Netflix. And if you look at the hours that we publish out, you can do the math and back into it. They may be the most-watched movies anywhere in the world this year. So I think those two bets coming through, it kind of strengthen our confidence in the overall bet in the service and pleasing customers and leaning into consumer-first business models. I think we could succeed there. Nidhi Gupta -- Fidelity Investments -- Interviewer Yeah. No. And I think that's part of the question, right? I mean you -- this was probably the best content quarter you've had. And looking at sort of flattish subs versus previous Q4s, obviously, a great number, but it's kind of in line with what you've done the last few Q4s. What do you read from that? Is the customers sort of hurdle just higher in terms of, you know, the amount and quality of content that you need to deliver to get the same number of net adds? Ted Sarandos -- Co-Chief Executive Officer and Chief Content Officer Well, I think what, I guess, Spence was saying, we didn't see it -- we didn't see a hit to our engagement. We didn't see a hit to retention, all those things that would classically lead you to looking at competition. But it's a stew of all those things. Not only are we in a pandemic. We've kind of come in of and out of COVID at different levels in 2021, particularly the back half of 2021. So it's created a lot of bumpiness certainly and not steady linear growth, which makes it a little tougher to predict, but all the fundamentals of the business are pretty solid. Nidhi Gupta -- Fidelity Investments -- Interviewer Got it. You know, you announced a U.S. price increase last week. Maybe just help us understand kind of over what time frame you think this will flow through, what kind of churn you might expect. Greg Peters -- Chief Operating Officer and Chief Product Officer Yeah, I'd say you can anticipate it flowing through over the next quarter, the quarter that we're in right now, Q1. And we largely are seeing in the price changes we've done most recently and for the earliest indications that we have in the U.S., which is still premature because we actually haven't actually rolled it out to any customers yet, what we've seen over the last couple of years, which is that sort of core theory that we have that if we've done a good job investing, the member subscription fees that they paid us into better stories, more great storytelling, bigger movies, more variety, then when we come back and ask them occasionally for a little bit more to keep that sort of cycle going, then they're generally willing to do that. And we don't see any significant disruption to the business otherwise in that regard. And I would say generally, when we look at that sort of core theory and we look at also the competitors, if you look at Disney+ as an example, the other streaming services out there as well, and their ability to grow even as we've been growing as well, I think it's really strong endorsement for the core idea that consumers around the world are willing to pay for great enter"
TSLA,"Oct 20, 2021, 8:30 a.m. ET",2021-Q3,"s a company on managing our overhead expenses and operating expenses. And operating expenses as a percentage of revenue has been declining, and I expect that trend to continue to happen. And I think the net of all of this is hopefully that we continue to make progress on operating margin over the next four or five quarters. As we think kind of forward, the business up until this point has kind of largely been a hardware automotive business with a little bit of software on top of that. As full self-driving matures, as take rates increase, if we are to raise pricing on that, there's considerable upside both on gross margins, and operating margin as that comes to light as the business starts to become more of a mix of a hardware-based company and a software-based company. So we feel optimistic about the journey -- very optimistic about the journey as we look over into the long term, just a little bit difficult over the next four to five quarters. We'll continue to update on earnings calls as we learn more information. There's just a lot of uncertainty in the world right now. Martin Viecha Thank you. Joe, do you have a follow-up question? Joseph Spak -- RBC Capital Markets -- Analyst Yeah. The second question is just you mentioned LFP packs globally for standard range models. My understanding is that all comes from China. Is that the continued go-forward plan? Or do you want these LFP capabilities in other factories around the world? Drew Baglino -- Senior Vice President Yeah. Certainly, our goal is to localize all key parts of the vehicles on the continent -- at least the continent, if not closer to where the vehicles are produced. So that is our goal and we're working with -- you know, internally and with our suppliers to accomplish that goal and not just at the end-assembly level but as far upstream as possible. Martin Viecha Thank you very much. And the next question comes from Colin Langan from Wells Fargo. Colin, are you able to unmute? OK. While we're waiting for that, let's go to the next one. Colin Langan -- Wells Fargo Securities -- Analyst Sorry about that. Do you hear me now? Martin Viecha Sorry. Yes. We can hear you now. Perfect. Colin Langan -- Wells Fargo Securities -- Analyst Sorry about that. OK. Yeah. Just actually kind of following up on a question before. You had mentioned commodities are rising. And when I look at a lot of the key, you know, raw materials in the battery, cobalt, nickel, lithium, all up 40%. And I know you guys have done a good job of getting long-term contracts to sort of mitigate that impact. I mean have you seen so far any impact from that spike? And if not, I mean any sense of when that raw material headwind might actually show up or has shown up? Zach Kirkhorn -- Chief Financial Officer Yeah. We have seen an impact. Our primary exposure right now is around nickel and aluminum, nickel on the cell, aluminum on non-cell. And we have a mixture of contracts with various suppliers. Some materials, we contract directly and we have full exposure to price fluctuations. We do have a number of long-term commitments -- long-term contracts in place. We also have contracts where there's some amount of cost-sharing based upon the movement of indexes. And so as these have been moving, some of those costs have been flowing through to us. It's not a substantial amount of cost but it's not small. As we look toward the next year, I certainly hope it doesn't play out this way, but it's possible that we continue to see more of cost headwind as a result of these movements. It's difficult to say precisely, but, you know, the volatility and the increases are just substantial -- so substantial. And there are certain suppliers that, maybe up to a certain point, have been absorbing some of the increase. And as contracts expire there or we have to renew and extend them, we'll have to return to negotiations. And so, you know, what we have to do as a company and what we are intensely focused on is we need to be continuing to drive down the cost of our products, which we have been doing. And we have to overcome cos"
MSFT,"Jan 24, 2023, 5:30 p.m. ET",2023-Q2,"share gains. So, that's sort of fundamentally how we view it. And then the other aspect I'd also say is simultaneously investing in this new AI trend because I don't think any application start that happens next is going to look like the application starts of 2019 or 2020. They're all going to have considerations around how is my AI inference performance, cost model is going to look like. And that's where we are well positioned again. So, that's how I view it. The market, you all are better readers of, quite frankly, what's happening out there. We can tell you what we see. What we see is optimization and some cautious approach to new workloads and that will cycle through, but we do fundamentally believe on a long-term basis, as a percentage of GDP, tech spend is going to go up. Brent Thill -- Jefferies -- Analyst Thank you. Satya Nadella -- Chairman and Chief Executive Officer Thanks, Brent. Joe, next question, please. Operator Our next question comes from the line of Mark Moerdler with Bernstein. Please proceed. Mark Moerdler -- Bernstein Research -- Analyst Thank you very much. I'd like to follow up a little bit on this question relating to optimization. I know we saw some slowing this quarter. You're guiding to some slowing next quarter in Cloud and Azure. How much of that is -- do you believe at this point is truly people optimizing what they've already bought and stepping that before that versus how much of that is due to macro factors themselves specifically impacting demand? Satya Nadella -- Chairman and Chief Executive Officer I'd say two things, and then, Amy, please feel free to add. One is, it absolutely is -- starts with workloads that they have at scale just because of the visibility one has on what's driving essentially the consumption meters. And there's real guidance that we ourselves in the product to say, here are the things that you do optimize your billing. And so that's sort of what is the fundamental thing. When we say do more with less and how can we help, that's sort of the first place customers go to. And then the next piece, really, I think, is going to be about how they take the optimization that they get and the savings they get workload and what new project starts. And that's where I think there's a reprioritization. When should we start the new projects? Those are the two things that are happening simultaneously. They don't perfectly match, but one of the things is they're looking to back some savings on some workloads and then start. So, that's where I think a little bit of what has to happen is the cycle time where the optimization cycle finishes, the projects start, and then the projects ramp. And I think that that's what at least on the cloud consumption side you're seeing. And on the per-user side, it's slightly different, which is in per-user also, there was real acceleration when it comes to purchases of per-user licenses, whether it is for knowledge workers or frontline workers. And again, they're all now making sure that they're all getting used and the usage is going up. Like when we look at our Office 365 usage, all those numbers are pretty up year over year in a substantial way. Like I gave you some of the Teams numbers. In fact, one of the things was, what will have Teams usage after the pandemic. Guess what? They're up. And so, those are the good news. And now once we cycle through that again, the seats will get added and premium, like I'm very, very excited about Teams Pro coming out in a couple of weeks. And those are all the things that people will be able to sort of use to ensure that the ARPUs are also going up a bit value. Amy Hood -- Chief Financial Officer And, Mark, because I do think it's actually quite hard to separate from a driver perspective how much is optimization versus macro. It's all related when you start to say what's the best ROI I can get on every budget dollar I spend, and our job as a partner to so many of these customers is to help them do that. So, Satya has talked a bit about Azure. Let me talk a little bit about the per-user where the way it showed"
AMZN,"Oct 27, 2022, 5:30 p.m. ET",2022-Q3,"se industries, and that's part of it. But basically, what we see is customers are looking to save money versus their committed spend. We have options for them to do that. They can manage workloads better. They can switch to lower-cost products that have different performance profiles. They can switch to Graviton chips that have higher cost performance ratios. So all really good things for the customer and for Amazon long term. Again, we think the benefit of cloud computing is really showing up right now because we allow customers to turn what can normally be a fixed expense into a variable expense, and they can let us manage the highs and lows of inflation and other cost of electricity and everything else. And they can get about to do their business using our services in a very highly secure way. So I think just like in 2020, these time periods are good for long-term adoption on cloud computing. But the offset in the short run is that some companies have demand that drops. I think what was different in 2020 was there were companies that went down and there's companies that went up quite a bit that were servicing high volumes during the pandemic. So that dynamic is not in place right now, and I think everyone is just cautious and they want to, again, watch their spend. And as CFO, I appreciate that, and we're doing the same thing here at Amazon. Operator And our next question comes from the line of John Blackledge with Cowen. Please proceed with your question. John Blackledge -- Cowen and Company -- Analyst OK, thanks. Two questions. First, could you provide some more details on the cost structure initiatives and when we could see those initiatives hitting the P&L? And then second, on the holiday season. It's a bit implicit in your guide and remarks thus far, but just curious of your expectations for consumer demand this holiday season versus last year. Thank you. Brian Olsavsky -- Chief Financial Officer Sure. Let me start with the holiday. So we're ready to roll. We've got the best selection we've ever had. In-stock levels are really high. Delivery speeds are getting very close to where we want them to be. And we're ready to have a really good holiday season with our consumers this year. And the Prime Early Access sale, I think, created great value for consumers. It allowed them to get a jump on some of their purchases for the holiday and also just find some great deals. So we're happy with that effort. And the teams that put that together worked very hard this year to hold two large Prime events within four months. So we're very optimistic about the holiday. But we're realistic that there's various factors weighing on people's wallets, and we're not quite sure how strong holiday spending will be versus last year. And we're ready for a variety of outcomes. But we know the consumers when they're looking for good deals, and that positions us well. Advertisers are looking for effective advertising. And our advertising is at the point where consumers are ready to spend. So we have a lot of advantages that we feel that will help both consumers and also our partners like sellers and advertisers. So the seller in-stock is very high. We've had great in stocks from our FBA sellers. And so, we're ready to go. And we're very optimistic about the fourth quarter, just realistic about whether we may have a range of outcomes that we just have to be ready for when we are. On the cost structure initiatives, I think you're primarily talking about the operations world. There's three large buckets there, as I've said in the past, productivity, fixed cost leverage and inflation. On productivity, made good strides, but there's still a lot of work to do there and we know the job ahead of us. It's hard to improve productivity much in the fourth quarter because it's just a period of like maximum stress on the operations, and we're trying to fulfill every order in a very quick way. But our goal is to leave ourselves in a really good, strong condition for a fast start on a lot of initiatives in Q1 of next year. On fixed cost leverage, we've taken"
AMZN,"Jul 29, 2021, 5:30 p.m. ET",2021-Q2,"y announced new commitments and migrations from customers across a diverse set of major industries, including Swisscom and Bell Canada in Telecom, BMO Financial Group and Bancolombia in financial services and Ferrari in automotive. AWS customers recognize that the move to the cloud is very positive for their businesses in the medium and long term. Disruptive economic events like COVID have caused many people to step back and think about how they want to change strategically, and many have come to the conclusion that they do not want to own and run their own data centers. They see that they can save money and gain agility and innovation by moving to AWS. I'll finish up with some comments on our ongoing investments in operations. As we think about the pull forward in demand we've seen these past 18 months, it has required and will continue to require a significant amount of investment in our fulfillment network. Our teams have done a remarkable job stepping up to serve customers and support our vendors and sellers, and we have worked hard to increase capacity at a rapid rate. For the trailing 12 months ended Q2, capex and equipment finance leases increased 74% versus the prior trailing 12-month period. And as usual, most of our 2021 spend in building openings are planned in the second half of this year. This is all part of a multiyear investment cycle for us. Unit volumes, while obviously growing at lower rates off last year's large comp, continue to remain high, and we see strong demand for FBA and third-party sellers. So there's more work to do, including additional build-outs of our FCs, as well as our middle-mile and last-mile capabilities, to support our fast-improving delivery offers for customers. I encourage you to read the business highlights in our press release. It's a diverse collection of efforts supported by many thousands of customer-focused Amazon employees, from Amazon Pharmacy, to Business Prime, to AWS' plans to add seven new regions, to NFL Thursday Night Football starting next year, to the Black Business Accelerator program, to Alexa's collaboration with Ford Motor Company. We remain heads-down focused on driving a better customer experience. We believe putting customers first is the only reliable way to create lasting value for our shareholders. With that, let's move on to Q&A. Questions & Answers: Operator [Operator instructions] Your first question comes from the line of Doug Anmuth with J.P. Morgan. Please proceed with your question. Doug Anmuth -- J.P. Morgan -- Analyst Thanks for taking the question. Brian, I just want to ask two. Just going back to the 2Q revenue. Beyond Prime spend moderating and the reopening, is there anything else you'd point to, in particular, that may have kept you in the middle of the range versus, obviously, where you've been over the last year versus expectations? And I guess, in particular, if you talk about Prime Day relative to your expectations? And then secondly, the big commerce partnership a couple of weeks ago, you seem to open up more to working with merchants away from Amazon. Just hoping you could talk more about the multichannel fulfillment opportunity. And do you think you now have the logistics capabilities, and has everything recovered to the point where you can offer these services more to third parties? Thanks. Brian Olsavsky -- Chief Financial Officer Sure. Thanks, Doug. Now, as far as Q2 run rate is concerned, if you look back the last few quarters, we've not done a great job of nailing the impact of COVID. It has -- we've generally overperformed our guidance range. I think last quarter, we had kept the same process, coming off some very high volumes for the last prior four quarters. And really, the only difference I see in Q2 versus Q1 and before is the year-over-year comp, which we had factored in, but also the increase in mobility. I think the impact of people getting vaccinated and getting out in the world, not only shopping off-line, but also living life and getting out, it takes away from shopping time. It's a good phenomenon and it's great. An"
NFLX,"Apr 20, 2021, 6:00 p.m. ET",2021-Q1,"ways looking for. And we programming the service in a way that consumers value it and love it. And it's a bit of trial and error at the beginning of each of the territories that we've rolled out. When we started launching in international territories with no original programming in local language with local producers and now we're producing in most corners of the world. And I do think, you know, our confidence in investment in Korea and India and Japan has been the success of the investments to date and that it gets us closer and closer to that product-market fit that we have in our more mature markets. So I do think like -- and what we've seen in our -- in our Korean originals and our Japanese anime is that they play really well around the region as well as in-country and occasionally they can be very, very global in their interest and desire. And the fact that we can bring a global audience to those creators and each the territories, has been really attractive. Reed Hastings -- Co-Chief Executive Officer And Nidhi, we have enough success in -- in Japan and South Korea for you guys to think about it like Germany or France like it's a big developed rich market. We've got that wired. You know in India, we're still figuring things out and so that investment, you know, takes some guts and belief, you know, forward-looking. But the other investments you should think of just like rich European countries content expand and exports really well. And you know, we're just getting a little better every month on it. Spence Neumann -- Chief Financial Officer Yeah. Can I just add to that and you can kind of see that in the numbers too, Nidhi, even in what we release on the regional numbers. The APAC region was about a third of our member growth this quarter and also still kind of healthy -- healthy revenue growth including average revenue per member. And that's in part because it's, you know, the -- as -- we're also can -- can as we improve the services engagement is up and -- and churn is down we can occasionally take price increases as -- as Greg mentioned and that happened recently in Australia, New Zealand, and Japan. And -- and I think, our members are clearly appreciating the value of what we're delivering them so the -- the business -- the business of scaling and scaling well. Nidhi Gupta -- Fidelity Investments -- Portfolio Manager Yeah. That's helpful. So, Reed, is that fact or belief when it comes to kind of these lower ARPU or it's just a newer market? Is that -- that eventually you'll be able to play that kind of low ARPU high-volume strategy or is it, you know, over the long term, incomes will rise in these markets, ARPUs will rise and the math will sort of work? Reed Hastings -- Co-Chief Executive Officer You know, I think on that, we're still learning. You know, we've done some pricing experiments in -- in India that Greg could talk about and I would say we're still mostly focused on getting a content fit and getting, you know, broader content. So that's why I say that one is a more speculative investment than say Korea or Japan, which again five years ago was very speculative when we did those, OK? But we've gone on for over the hump and now we've got, you know, we've got a great match. And we're still working on India and we're super excited and, you know, again, right now, this month, things are terrible in the COVID spike. But outside of that, we've been really producing a lot of great new content that's currently shut down. Greg, do you want to talk about like Jio or any of that? Greg Peters -- Chief Operating Officer and Chief Product Officer Yeah, and maybe a couple of things there. You know, Nidhi, we -- we -- we recognize that we -- we don't know a lot yet, you know, compared to how much we're going to learn over the next year many, many years and so our job is to really try and be innovative and -- and push and experiment. And so whether that is, you know, pushing on the actual model in terms of like multi-month or sachet, and sort of, you know, explore the ranges of that kind of offering. But then also, you k"
NVDA,"Nov 16, 2022, 5:00 p.m. ET",2023-Q3,"channel -- excuse me, challenge our overall China business. It was still relatively solid. Notebook sell-through was also quite solid. And desktop, a bit softer, particularly in that China and Asia areas. We expect though stronger end demand, though, as we enter into Q4, driven by the upcoming holidays, as well as the continuation of the ADA adoption. Jen-Hsun Huang -- President and Chief Executive Officer Vivek, our data center business is indexed to two fundamental dynamics. The first has to do with general purpose computing no longer scaling. And so, acceleration is necessary to achieve the necessary level of cost efficiency scale and energy efficiency scale so that we can continue to increase workloads while saving money and saving power. Accelerated computing is recognized generally as the path forward as general purpose computing slows. The second dynamic is AI. And we're seeing surging demand in some very important sectors of AIs in important breakthroughs in AI. One is called deep recommender systems, which is quite essential now to the best content or item or product to recommend to somebody who's using a device that is like a selfie or interacting with a computer just using voice. You need to really understand the nature, the context of the person making the request and make the appropriate recommendation to them. The second has to do with large language models. This is -- this started several years ago with the invention of the transformer, which led to Bert, which led to GP3, which led to a whole bunch of other models now associated with that. We now have the ability to learn representations of languages of all kinds. It could be human language. It could be the language of biology. It could be the language of chemistry. And recently, I just saw a breakthrough called Jeans LM, we just one of the first example of learning the language of human genomes. The third has to do with generative AI. You know that the first 10 years, we've dedicated ourselves to perception AI. But the goal of perception, of course, is to understand context. But the ultimate goal of AI is to make a contribution to create something to generate product. And this is now the beginning of the era of generative AI. You probably see it all over the place, whether they're generating images or generating videos or generating text of all kinds and the ability to augment our performance to enhance our performance to make productivity enhanced to reduce cost and improve whatever we do with whatever we have to work with, productivity is really more important than ever. And so, you could see that our company is indexed to two things, both of which are more important than ever, which is power efficiency, cost efficiency and then, of course, productivity. And these things are more important than ever. And my expectation is that we're seeing all the strong demand and surging demand for AI and for niche reasons. Operator Your next question comes from the line of C.J. Muse with Evercore. Your line is now open. C.J. Muse -- Evercore ISI -- Analyst Yeah, Good afternoon and thank you for taking the question. You started to bundle on NVIDIA enterprise now with the H-100. I'm curious if you can talk about how we should think about timing around software monetization? And how we should kind of see this flow through the model, particularly with the focus on the AI enterprise and Omnivere side of things? Jen-Hsun Huang -- President and Chief Executive Officer Yes. Thanks, CJ. We're making excellent progress in NVIDIA AI enterprise. In fact, you saw probably that we made several announcements this quarter associated with clouds. You know that NVIDIA has a rich ecosystem. And over the years, our rich ecosystem and our software stack has been integrated into developers and start-ups of all kinds, but more so -- more than ever, we're at the tipping point of clouds, and that's fantastic. Because if we could get NVIDIA's architecture and our full stack into every single cloud, we could reach more customers more quickly. And this quarter, we announced several initiative"
MSFT,"Jan 26, 2021, 5:30 p.m. ET",2021-Q2,"ation around what are the workflows that need to get integrated into a communications tool such that there's real continuity between frontline to knowledge worker to business process. I think that opens up even a ton of opportunity. I mean take something like even digital twins and the level of automation that one can bring even into manufacturing. So the combination of an Azure PaaS service to SaaS capabilities in Dynamics 365 can be very transformative to digital manufacturing, which is probably going to be one of the bigger trends going forward. Same thing in supply chain. So it's a pretty important area. For us, business process and business applications participation, if you will, will be both on the Azure side, on the data side, on the AI side and the biz apps side as well as Power Apps. So it's not one narrow category because I think most people, the way you measure business applications and the categories of business and applications is pretty narrow. But business process is much broader than that. And so that's, I think, at least what we are building toward. Amy Hood -- Chief Financial Officer And maybe just to add a bit to that, Satya. Just I think, for us, one of the exciting parts about Dynamics and for shareholders is the expansiveness of that redefinition by industry. And even the terms and categorization today that define biz apps, I think we'll see, are quite large and will be addressed not just with our Dynamics product portfolio but partially with our LinkedIn portfolio, with our Power Platform portfolio, with Microsoft 365, as well as Azure. And I think that -- and thinking about it holistically is why it's so important for us and why we keep coming back to the commercial cloud as our frame. It's how customers see the solution. It's how we sell. It's how solutions are actually implemented for business process change. Walter Pritchard -- Citi -- Analyst Great. Thanks for the opportunity. Amy Hood -- Chief Financial Officer Next question please. Operator Thank you. Our next question comes from the line of Raimo Lenschow with Barclays. Please proceed with your question. Raimo Lenschow -- Barclays -- Analyst Thank you and congrats from me as well. I wanted to talk a little bit about gaming. Obviously, you had a very strong quarter, but we also saw a few months ago the launch of Xbox Game Pass Ultimate or the xCloud as we knew it. Can you talk a little bit about some of the early experiences there and the importance that you see emerging for that? Thank you. Satya Nadella -- Chief Executive Officer Yes. Maybe I'll start. Amy, you can add to this. On xCloud, it's very early days, but we are very excited about, fundamentally, the expansion opportunity it provides. So the service today really allows us to take our catalog and not be limited to any of the traditional end points, in particular, the console and the PC and expand beyond that. And so as you can imagine, that, I think from a reach perspective, is very exciting to us. And the fact that we now have a technology solution to do so, we are in the very early innings of it while at the same time, ensuring that we are doing a fantastic job for all our console gamers and PC gamers, is going to be how we'll approach the value of our subscriptions. Raimo Lenschow -- Barclays -- Analyst Thank you. Operator Our final question comes from the line of Brad Reback with Stifel. Please proceed with your question. Brad Reback -- Stifel Financial Corp. -- Analyst Great. Thanks very much Amy. The cash flow in the quarter ex the audit settlement was far ahead of everyone's expectations, and I know you talked about strong billings in the quarter. But as we look forward, are there any puts and takes that we should be aware of? Or should we just focus on cash flow growing pretty much in line with net income? Amy Hood -- Chief Financial Officer Thanks. Yes. In general, Brad, it's a very good question because the things you tend to watch that can move it quarter-to-quarter are things like you mentioned, whether it's the settlement this quarter, whether it's for free cash flow,"
MA,"Jul 29, 2021, 9:00 a.m. ET",2021-Q2,", we're partnering with Citi and Commonwealth Bank of Australia to offer installments to consumers wherever Mastercard is accepted. And whether in store or online, we are securing and streamlining the consumer experience through our tokenization services. Tokenized transactions across in-store, online and in apps surpassed 1 billion per month throughout the second quarter. We continue to partner with major digital players to expand the reach of our digital capabilities. For example, we just entered a strategic partnership with Stripe to give business a small control of the how they spend their money by enabling Stripe users to create, manage and distribute virtual and physical cards for small business, commercial and consumer across credit, debit and prepaid. We've also entered a partnership with Verizon to bring 5G innovation to the global payments industry. Leveraging our services and insights in pairing Mastercard solution with Verizon's 5G connectivity will allow us to create better experiences from the checkout lines to being billed, even through how businesses are run. The increased capacity and reduced latency of 5G will enable us to take another step toward making every device a commerce device. Now, on to securing the ecosystem. As more merchants and consumers shift to digital, the importance of keeping the ecosystem safe and secure is paramount and is creating a strong demand for our cyber solutions. In addition to organic growth, a number of our acquisitions in the space continue to perform well. For example, Ethoca had strong deal momentum, including a fraud and dispute management agreement with EBANX, a payment solution provider operating across 15 countries in Latin America. RiskRecon, which monitors and then tests those customers' third-party cybersecurity risk, is now scanning millions of companies globally, up from thousands when we acquired them at the end of 2019. NuData is providing biometric fraud prevention tools to Major League Baseball and the neobank, Nickel. We're happy to advance our digital identity capabilities with the acquisition of Ekata that has now closed and off to a strong start on the deal front. Last but certainly not least, let's turn to our initiatives focused on addressing a broader set of payment flows with our multi-rail capabilities. The key here is to provide choice, essentially the right tool for the job. With our multi-rail approach, including our expertise and capabilities in cards, real-time payments and support for digital currencies, we are able to deploy the right combination of assets to meet our customers' needs. And more than just having this range of capabilities, we're making these solutions work together seamlessly. Let me give you a few examples. In B2B, we're making progress with Mastercard Track building out our global open-loop network by working with buyer agents and supplier agents such as banks, software companies and ERP vendors. On the bank side, we're very excited to have signed Box e-card payments who will use Track to connect their global business customers on both the buyer and the supplier side of the ecosystem across multiple rails. We also signed FreshBooks, a premier accounting software platform with customers in over 100 countries. In the Bill Pay space, we continue to scale the Mastercard Bill Pay Exchange, which leverages our real-time payment capabilities to provide a transformative mobile-first experience to bill payments with Citi Treasury and Trade Solutions now connecting into the platform. In Mastercard Send, we continue to penetrate a variety of new payment flows beyond traditional card payments. These enabled dozens of use cases and hundreds of programs across every region of the world. For example, we're partnering with innovative digital messaging platforms to offer P2P services to consumers. Today, uses of WhatsApp in Brazil can transfer money directly in-app, leveraging Mastercard Send. We're also partnering with MoneyGram and Checkout to enable near real-time cross-border P2P transfers across Europe. And on the B2C front, we contin"
V,"Oct 25, 2022, 5:00 p.m. ET",2022-Q4,"part. Obviously, we have to wait and see the pace at which the second network is enabled on cards on e-commerce transactions. Our current expectation, given that our fiscal year, as you know, goes through September is that the effect in 2023 will be minimal, if any. But we'll keep you posted. More broadly, just in terms of our views about the impact longer term, people come to us because of the value we create, and that value comes in the form of having a dual message network and everything that goes with it, the security and the reliability we offer that is unmatched, as well as the dispute resolution and other sets of services, tokenization, all our risk management services that we layer on. We've competed for business in the past, and merchants have chosen us based on the value we provide. And I'm sure, Al, you have more to add on this front. Al Kelly -- Chairman and Chief Executive Officer Yeah. I think that our capabilities are just terrific. And in an e-commerce world, David, the liability for fraud sits with the merchant. So, they're going to be very, very careful about who they do business with. And they've done business with us for years and know that we have very, very strong risk capabilities, very, very strong fraud prevention capabilities. And those are the types of things that in our experience since Durbin in 2010 that have a good amount of merchants who solely stick with us, they never route to the unaffiliated network because of those security and fraud capabilities we have, plus as Vasant alluded to the fact that we have the ability to be dual message, which makes a big difference in car rental, hotel. And in the online world, we'll make a big difference when people order multiple items from a merchant. It will allow the merchant to ship in different shipments as opposed to waiting until all the products are gathered and they can ship it, and they're forced to ship at one time if you're using a single messaging capability. So, I think we have a lot of history and a lot of important capability differences. And a lot of our merchants in the United States are very familiar with the strengths that they get from doing business with us. Jennifer Como -- Senior Vice President and Global Head of Investor Relations Next question. Operator And the next question is from Darrin Peller with Wolfe Research. You may go ahead. Darrin Peller -- Wolfe Research -- Analyst Hey, guys. Thanks. Your outlook and your budget you gave us was obviously helpful, and I clearly underscores the resilient of the consumer so far. But just to touch on the water for a minute. And I think you have about a third of your revenues now coming from new flows, services, many of which had are early stages of growth. So, putting that together with higher inflation, Al, would you expect any type of difference and set of outcomes on the top line if we were to see a notable downturn? And then, Vasant, just maybe you could touch on the flexibility you think you have on the expense side to help manage through any type of change. Al Kelly -- Chairman and Chief Executive Officer So, Darrin, just to be clear, your one-third is about right for VAS plus new flows, not just new flows. As you alluded to, I mean, right now, we are seeing nothing but stability. And it's been true over the last numbers of quarters. And our business is very different than it was the last time there was a downturn. We're much more into everyday spend categories. E-commerce has evolved tremendously. There's been a lot more cash digitization. We have a very heavy debit portfolio, which tends to perform better during these downturns. And frankly, I don't think any of us know what the impact is going to be coming off of the pandemic where there still seems to be a lot of pent-up demand for travel, for example, which is a highly discretionary purchase. And we're in an unusual time where employment has really held up. So, we'll certainly watch if payment volumes are impacted in any kind of significant way. Back to the core of your question, obviously, we will have some hit on our reve"
TSLA,"Apr 26, 2021, 5:30 p.m. ET",2021-Q1,"we can to increase our production rates. As we think about Q2 and Q3, these quarters should largely be driven by execution on S and X, as we've discussed, continued ramp of Model Y in Shanghai and the associated cost reductions of these programs. And we expect profitability and cash generation to evolve over the course of the year in line with those improvements. And then as we get toward the end of the year, our story will pivot toward the launch and ramp of our newest factories in Austin and Berlin. So there's certainly no shortage of exciting things for us to work on and look forward to. Thank you, and we'll open it up for questions. Martin Viecha -- Senior Director of Investor Relations Thank you very much. And we'll first take retail questions from, say, website. The first question is, how is Dojo coming along? Could Dojo unlock an AWS like business line for Tesla over the next few years? Zachary Kirkhorn -- Chief Financial Officer Yeah. I'll jump in here. So with respect to Dojo... Elon Musk -- Chief Executive Officer and Product Architect Sorry Zach. My apologies. I was on mute. Zachary Kirkhorn -- Chief Financial Officer Go ahead Elon. Elon Musk -- Chief Executive Officer and Product Architect So yes, I was just basically saying that the -- although like right now, people think of Tesla as -- a lot will think of Tesla as a car company or as an energy company. I think long term, people will think of Tesla as much as an AI robotics company as we are a car company or an energy company. I think we are developing one of the strongest hardware and software AI teams in the world. Certainly, we appear to be able to use things with full self driving that others cannot. So if you look at the evolution of what technologies we developed, we developed them in order to solve the problem of self driving. So we couldn't find a powerful enough neural net that runs a computer. So we designed and built our own. The software out there was really quite primitive for this task. And so we built the team from scratch and have been developing what we think is probably the most advanced real-world AI in the world. And then it sort makes sense that this is kind of what needs to happen because the road system is designed for a neural net computer, our brain. Our brain is neural net computer. And it's -- the entire road system is designed for vision with a neural net computer, which is because it's designed for eyes in the brain. And so if you have a system which has very good eyes, you can see in all directions at once, you can see three focal points ahead or forward, but it never gets tired. It's never sort of texting. It has redundancy and its reaction time is super human. Then it seems pretty obvious that such a system would achieve an extremely high level of safety, far in excess of the average person. So that's what we're doing. Then Dojo is kind of the training part of that. So because we're -- we have over 1 million cars, and perhaps next year, we'll have 2 million cars in active use, providing vast amounts of video training data that then needs to be digested by a very powerful training system. And currently, we use Tesla training software. So we developed a lot of training software, a lot of labeling software to do, to able to do surround video labeling, which is quite tricky. This means all eight cameras simultaneously at 36 range a second per camera labeling video over time. There wasn't any tool that existed for this, so we developed our own labeling tool. Then taking it a step further, obviously, the Holy Grail is auto labeling. So now we're getting quite good at auto labeling, where we do -- where -- that the trainers train the training system and then the system auto labels the data and then the human laborers just need to look at the labeling to confirm that it is correct and perhaps make edits. And then every time an edit is made, that further trains the system. So it's kind of like a flywheel that's just sort of spinning up. And really, the only way to do this is with vast amounts of video data. So then we need to train t"
MA,"Apr 29, 2021, 9:00 a.m. ET",2021-Q1,"what we've already done in Vocalink. But we're getting scaled businesses that are live in market. There are strong bill payment propositions and volumes with large customer reach in, particularly in the Nordics regions, but other parts of Europe as well. So we've identified Bill Pay as a growth opportunity sometime back here in the U.S., and now we're bolting that on. And then we have the choice of taking some of our U.S. capabilities into other parts of the world or do the same with Nets. So that is accelerating our growth in the application space, which I'm particularly focused on. I think last but not least, that they have activities in the open banking space and few services around realtime payments. So that just rounds off the picture. And I come back to Legal Day One. We're getting a fantastic team of engineers and experts in this space that is just really rounding off of our capability side. Now the aspect on how this might look different. So Tien-Tsin, you made that reference. And I all want to remind us, there was a remedy that we had put on the table in kind of negotiations with the EU commission throughout the approval process. And it basically means we will license the Nets infrastructure technology to a licensee, and the licensee was identified as part of the approval process. That allows -- but that is on the infrastructure side, not much of an issue because we have other assets to compete and then we can use it ourselves. So we're not excluded here. The package of having infrastructure application and service altogether, I think, makes such a differentiated proposition that we were quite happy to give that remedy. It made the EU commission happy. And it comes back to the point about -- yes, this is particularly important in Europe because in Europe, being seen as a true European partner, we have the commission put a stamp of approval on this transaction, and that works well for us. But we're going to take it elsewhere, for sure. I mean, that's the whole plan. Tien-Tsin Wang -- J.P. Morgan -- Analyst Yeah. Very complete and clear answer. Thank you. Operator Your next question comes from David Togut with Evercore ISI. Your line is open. David Togut -- Evercore ISI -- Analyst Thank you. Good morning. Bridging to Tien-Tsin's question, how has the pandemic affected the rollout of account-to-account payments in Europe under PSD2? Account-to-account certainly seems much more akin to debit than credit, and we know debit has certainly accelerated. So any thoughts would be appreciated. Michael Miebach -- Chief Executive Officer Yeah. Dave, that's a great question. Throughout the last quarter calls, we make references to engagements on the government front and, oftentimes, that involve our progress and our engagement with governments on account-to-account. And there are other things, obviously, that we had to dial down throughout the pandemic because there simply was no appetite in the market, but account-to-account wasn't one of them. We never missed a single step there and neither did government. This was really driven by a lot of governments trying to get stimulus money into their citizens' hands, and they couldn't do it fast enough, and they couldn't do it in an efficient-enough way. So the focus and the light shed on realtime payment infrastructure was -- certainly helped. So I would see, there is an increasing engagement around account-to-account. Throughout the pandemic, if you look at what else was going on, you saw the two factor authentication thing in Europe for -- strong customer authentication, I think, is the actual technical term there. That moved forward throughout the pandemic. So the government, the financial sector players in Europe advanced that, and that was broadly it. And then you look at what we've done with open banking. I mentioned it earlier. That's, again, a regulator-driven aspect of payments and the broader financial services here at Tesco. We talked about that last quarter I think in our Lloyd's. So there is momentum. I think it's actually literally a shot in the arm rather than anythi"
TSLA,"Jul 22, 2020, 6:00 p.m. ET",2020-Q2,"to be primarily solar and followed by wind, and those are intermittent. So you need to have a lot of batteries to store the solar energy because the wind doesn't always blow, and the sun doesn't always shine. So there's like three elements of the sustainable energy future: wind and solar sustainable energy generation; battery storage; and electric transport, those three things. And the mission of Tesla is to accelerate sustainable energy, so I can't emphasize enough. Yes, the battery and solar will both be enormous, and they kind of have to be in order to -- for us to have a sustainable future. And we've got a great product road map on that front as well. So we're going to ship in the Megapack. It's very well received. Drew, you want to talk about that? Drew Baglino -- Senior Vice President, Powertrain and Energy Engineering Yes. I think the Megapack has represented itself and is an integrated rapidly deployable grid-tied storage battery of megawatt-hour scale. We're working with utilities, large and small, not just utilities, but also just like micro grid and project developers of all type and building our own projects where it makes sense. And there's a lot of demand for the product, and we're growing the production rates as fast as we can for that product. And then on Autobidder, Autobidder is basically autopilot for grid-type batteries. It's an autonomous energy market participation system that does high-frequency trading, in short. Elon Musk -- Co-Founder and Chief Executive Officer That's a bad word. Drew Baglino -- Senior Vice President, Powertrain and Energy Engineering Sorry. Elon Musk -- Co-Founder and Chief Executive Officer How should free instant energy called front running. We're not doing that. Drew Baglino -- Senior Vice President, Powertrain and Energy Engineering Not doing anything like that, no. It's ensuring that the battery is doing everything it can to manage the grid intermittency of the renewals -- renewables and just grid intermittency of all kinds. I mean, people turn their lights on and off, power plants turn on and off, factories ramp up and down, and batteries are great to solve those problems. Elon Musk -- Co-Founder and Chief Executive Officer Yes. Its just grid stabilization at the most heightened level, so it just shows that things are super smooth. It's like a UPS, uninterruptible power supply, of a normal size but just ensure that this grid is smooth sailing. And then the batteries, the computers, like all, interact with each other and make sure that they're working together to make the grid smooth. And this can be done with the Powerwalls and the Megapacks and the Powerpacks all working together and interacting with third-party systems as well. Drew Baglino -- Senior Vice President, Powertrain and Energy Engineering Yes. Essentially are distributed. It does both. Elon Musk -- Co-Founder and Chief Executive Officer Yes. Drew Baglino -- Senior Vice President, Powertrain and Energy Engineering Yes. I mean, we've -- Elon Musk -- Co-Founder and Chief Executive Officer It's just necessary in order to solve the sustainable energy problem. Drew Baglino -- Senior Vice President, Powertrain and Energy Engineering Yes. You can't plan power plants on an hourly scale in a renewable world. You need to optimize them on a minute-by-minute scale, and that's what we're doing. Elon Musk -- Co-Founder and Chief Executive Officer Yes. The real limitation on Tesla growth is cell production at affordable price. That's the real limit. So that's why we're going to talk about a lot more about this on Battery Day because this is a fundamental scaling constraint. And any part of that supply chain or pricing at the cell level will be the limiting factor. So whatever may be an error from mining to refining, those many steps that are refining to cathode and analog formation, cell formation, whatever the truck point is, that will set the growth rate. And so we expect to expand our business with Panasonic, with CATL, with LG, possibly with others. And there's a lot more to say on that front on Battery Day. Martin Vie"
JPM,"Apr 14, 2021, 8:30 a.m. ET",2021-Q1,"use they have a positive impact on society and communities, but because they're also important to our clients, customers, and our shareholders. So we don't exactly think about it that way, Mike. But we've also invested in multiple teams to help clients through the transition, and we do recognize it's a transition, and clients appreciate that. We've also made the Paris-aligned financing commitment last year, and we're going to release our annual ESG report next month, so you'll see more there. And then we also committed to finance $200 billion toward climate action and sustainable development, and we're continuing to grow those efforts as well. And in fact, your question is quite timely because we're planning to make an ambitious announcement tomorrow about long-term scaling of our financing efforts here. So much more detail to come shortly on that. But, Jamie, I don't know if you wanna add anything. Operator Your next question comes from the line of Jim Mitchell with Seaport Global. Jim Mitchell -- Seaport Global Securities -- Analyst Hey. Good morning. Jennifer Piepszak -- Chief Financial Officer Good morning. Jim Mitchell -- Seaport Global Securities -- Analyst Maybe -- just maybe a question on the bank SLR, which I think was a bit more of a constraint even than the firmwide SLR. Just, I guess, two questions related to that. What kind of flexibility do you have to kind of manage the difference between the two moving assets out of the bank perhaps? And then just if you have any updates or thoughts on potential changes that regulators are discussing to kind of give maybe Relief 2.0 in a more permanent sense on the SLR. Jennifer Piepszak -- Chief Financial Officer So the bank SLR, I mean, broadly speaking, it's going to be the same levers. We do have a little bit more flexibility, as you note, because we can move things -- we can inject capital into the bank from the holding company. So it's a little bit more flexible. But generally speaking, the constraints and the levers are the same. And then in terms of changes, we know what you know. And so we look forward to a proposal. The only thing I can mention is, of course, the difference between the U.S. and Europe on Basel as it relates to SLR is there, it's a 3% plus half-year G-SIB. And so we have a constant 2% buffer. And so with that, you get the flexibility in a Basel-compliant way to exclude deposits at Central Banks for a period of time. So it's possible that it could look something like that, but we don't know. Jamie Dimon -- Chairman and Chief Executive Officer So I think there's too much focus there. We run the business do a great job servicing clients over time. We manage -- God knows how many different capital liquidity contents. We have multiple levers to pull all the time to do that while serving our clients. If we've got to adjust our strategy going forward, so be it. We'll probably be fine. I think the question you used to be asking isn't what it means for us, it's what it means to the marketplace? I've already mentioned several times, we have $1.5 trillion of cash and marketable securities, which we cannot deploy in a whole bunch of different ways into the marketplace with repo or just financing positions or helping people because of these constraints. So the constraints are more of a constraint on the economy than they are on JPMorgan Chase. We will find a way, regardless of any constraints, to do things. The other thing is G-SIB, the SLR, they're all these couple things, they need to be recalibrated. And I think people have been asking why how would you really do the best job for the United States and the people in the United States, not for JPMorgan. JPMorgan is going to be fine either way. Jim Mitchell -- Seaport Global Securities -- Analyst Great. Thanks. Operator Your next question comes from the line of Gerard Cassidy with RBC. Jennifer Piepszak -- Chief Financial Officer Hi, Gerard. Gerard Cassidy -- RBC Capital Markets -- Analyst Hi, Jen. How are you? Jennifer Piepszak -- Chief Financial Officer Good. Yes. Gerard Cassidy -- RBC Capital Markets -- An"
AMZN,"Oct 28, 2021, 5:30 p.m. ET",2021-Q3,"n AWS, with revenues accelerating to 39% year over year in Q3, driven by a broad base of services and customers. There are a number of areas we're excited about, but let's focus for a moment on our efforts in machine learning. Customers of all sizes and across all industries are using AWS as their preferred cloud provider for machine learning services. We've been investing in this area for several years, offer an extensive set of machine learning services, including ones that can be applied to common business problems like Amazon Connect for contact center intelligence or Amazon Kendra for intelligent enterprise search. We recently launched solutions specific to industries, including industrial machine learning services as well as Amazon Health Lake to help healthcare and life sciences customers seamlessly transform their data across disparate sources to understand and extract meaningful medical information. And Amazon SageMaker continues to help customers scale their use of machine learning to core workloads, making it one of the fastest-growing services in AWS history with tens of thousands of active external customers using it every month. We also continue to see strong interest in rapid adoption of our custom silicon and AWS design Graviton2 processors, delivering customers up to 40% better price performance than current x86 processors. Moving to Graviton2 means little to no code changes so that customers can quickly and easily migrate their workloads to access the best price performance in Amazon EC2. Last but certainly not least, Amazon advertising continues to grow quickly, representing the significant majority of other revenue, which grew 49% year over year in Q3. We are seeing strong adoption across Amazon vendors, sellers, and authors as well as brands that don't sell in our store, particularly as we've built out our streaming TV offerings. Of course, advertising only works if we make it useful for customers. And when we create great customer experiences, we deliver better outcomes for brands. The team also recently hosted Unbox 2021, our annual conference for advertisers and brands, where we shared some of our newest solutions to help companies connect with their customers, measure the impact of their advertising, and grow their businesses. As we shift into Q4, we are heads-down focused on delivering a great experience for our customers this holiday season. We are committed to making the necessary investments in both people and capacity to bring more items in stock and to deliver them quickly to customers. With that, let's move on to Q&A. Questions & Answers: Operator [Operator instructions] Our first question is coming from Justin Post with Bank of America. Please proceed with your question. Justin Post -- Bank of America Merrill Lynch -- Analyst Great. Maybe I'll ask about fulfillment capacity. You said your capacity is up 2x since before the pandemic, and I've got units up around 55% on a two-year basis. So just wondering, is the capacity needed per unit going up as you speed up delivery times and try to get to one day? And then second, are you in really good shape for next year? And could you be ahead of plan for next year and kind of cut down the investment there? Thank you. Brian Olsavsky -- Chief Financial Officer Justin, on your first question about whether we've -- the comparison of doubling the fulfillment capacity to the unit growth, keep in mind also that our fulfillment capacity also includes our transportation delivery capacity. And in the last two years, we've also greatly ratcheted up our ability to deliver ourselves through AMZL. And our percent of units that we deliver through AMZL is over 50% of our units globally. So that's a big -- that's a driver as well. I'd also say that while we've been chasing really demand for the last two years. We've been doing it -- as I said, we're running at about 100% pretty much all of last year. We are just now getting caught up on space for inventory and inventories being brought in to support the holiday. And if you look year over year, while units growth i"
V,"Apr 30, 2020, 5:00 p.m. ET",2020-Q2,"nt for both new issuance and acceptance, and we've made noteworthy progress this quarter. Previously mentioned partnership agreements with Paytm in India and Toss in South Korea are now issuing credentials. In addition, we had new wins with stc pay in Saudi Arabia, Paga in Nigeria, Payco in Korea and Kias [Phonetic] in Japan. In China, we signed a five-year partnership with Tencent, the parent of the WeChat platform with more than 1 billion monthly active users. This collaboration with Visa marks Tencent's first co-brand card with an international card scheme, and we look forward to partnering on innovative cross-border solutions for Chinese credential holders. In sub-Saharan Africa, we have announced a strategic partnership with Safaricom, the largest telecommunications firm in Kenya, and the provider of financial services through M-Pesa. With 24 million M-Pesa users and a 173 million -- 173,000 M-Pesa merchants, wallet partnerships like Visa are paramount to expanding our issuance and acceptance globally. Collectively, with WeChat and Safaricom, we now have relationships with wallet providers that give us the potential to embed Visa credentials in 2 billion wallets. Shifting to new flows, with $185 trillion of opportunity, we're focused on moving money end to end for businesses, governments and consumers. In Europe, we're working with Lydia, the number one FinTech in France for the younger people that are below 30 in age, and a P2P service with over 3 million users and growing at over 4,000 users per day. In the United States, we recently renewed our important relationship with Square for their Cash App program, including Visa Direct capabilities and the cash card issuing platform. Visa Direct continues to be a powerful capability, especially in the COVID-19 environment. As one specific example, Visa Direct transactions for workers speaking earned wage access or on-demand pay across supermarket, quick-serve restaurants, healthcare and hospitality categories increased well over 100% year-over-year this quarter. We are also working on digitizing cross-border P2P. This quarter, Remitly launched cross-border in seven countries, MoneyGram expanded to 11 additional countries and KB Kookmin Card, one of the leading issuers in South Korea, also initiated a cross-border program all with Visa Direct. Cross-border also plays a sizable role in the B2B space, and we entered into an agreement for B2B virtual cards with ICBC, the largest bank in China, representing our first B2B partnership with a bank in China. Visa and Australian cross-border FinTech Airwallex announced the new global partnership with the launch of a borderless B2B cross-border card, and we continue to look for new ways to drive new flows with unique capabilities and solutions. Value-added services are an extension of our core business and represent a significant opportunity for us to deepen relationship, help clients and grow our business. This quarter was no exception in terms of clients looking for assistance. In DPS, in addition to Truist, we renewed six issuer deals that represent nearly 20% of DPS's annual transaction volume. In terms of disputes, our recently acquired disputes platform Verifi signed an agreement with a large e-commerce provider to enable the delivery of key transaction details from their CRM systems to issuers in near real-time, which helps prevent disputes and reduces chargebacks. In terms of data, as you can imagine, our clients are very interested in benchmarking their performance throughout the quarter, leveraging our Visa Analytics platform. Nearly 5,000 client users were enabled at the end of the quarter accessing 33% more reports than the first quarter for a total of 90,000 reports accessed. In consulting, clients start consulting and analytics at an increased rate. We delivered approximately 50% more projects than in the second quarter of last year. The CyberSource business continues to gain momentum globally and support of acquirers and merchants around the world with innovative omni-commerce, gateway and fraud management services."
JPM,"Apr 13, 2022, 8:30 a.m. ET",2022-Q1,"nd I do expect that alone will create volatility and concerns and endless printing and endless headlines and stuff like that. And the second is war in Ukraine. I pointed out in my letter that, you know, war in Ukraine. Usually, wars don't necessarily affect the global economy in the short run. But there are exceptions to that. This may very well be one of them. I don't -- I'm not looking at this on a static basis, OK? So you're looking at this war in Ukraine and, you know, sanctions there. Things are unpredictable. Wars are unpredictable. Wars have unpredictable outcome. You've already seen in oil markets. The oil markets are precarious, OK? So, I pointed that out over and over that, you know, people don't understand that those things can change dramatically for either physical reasons, cyber reasons, or just, you know, supply demand. And so, that's another huge cloud in the horizon, and I -- we're prepared for it. We understand it. We're just -- I can't tell you the outcome of it. I hope those things all disappear and go away. We have a soft landing and the war is resolved, OK? I just wouldn't bet on all that. I just, you know -- and, of course, being a risk manager, we're going to get through all that. We're going to serve our clients, and we're going to gain share. We're going to come to that earning tremendous returns on capital like we have in the past. Mike Mayo -- Wells Fargo Securities -- Analyst All right. Thank you. Jamie Dimon -- Chairman and Chief Executive Officer You're welcome. Operator Next one is from Matthew O'Connor from Deutsche Bank. Please go ahead. Matt OConnor -- Deutsche Bank -- Analyst I was hoping you guys could comment on the -- there are some articles on the nickel exposure and how the losses could have been significant if the trades hadn't been canceled and from the actions that were taken. And then, just as a follow-up, you guys have talked about kind of looking at that business and reevaluating how you think about some of the outsized risks, and maybe you can update us on that process. Jamie Dimon -- Chairman and Chief Executive Officer We've already told you. We're helping our clients get through this. We had a little bit of loss this quarter, we're going to manage through it. We'll do postmortems on both what we think we did wrong and what the LME could do differently later. We're not going to do it now. Matt OConnor -- Deutsche Bank -- Analyst And then, I guess, I mean, more broadly speaking, you know, given what we just saw where it was probably a several standard deviation event and kind of, as you mentioned, markets might do more of these unusual things, like, does it make you step back and look at other portfolios, other businesses and try to reduce the next -- Jamie Dimon -- Chairman and Chief Executive Officer In my life, I've seen so many 10 standard deviation events to be shocked. Jeremy Barnum -- Chief Financial Officer Yeah, exactly. Yeah. Jamie Dimon -- Chairman and Chief Executive Officer So, obviously, we're aware of that all the time in everything we do. Jeremy Barnum -- Chief Financial Officer Yeah. And I would take it one step further. I think the whole paradigm of saying it's a 10 standard deviation event is naive, right? We know the returns are not normally distributed. Jamie Dimon -- Chairman and Chief Executive Officer Right. Jeremy Barnum -- Chief Financial Officer We know that. Regulators know that. The capital framework recognizes that in a broad variety of ways, including things like stress. So, I don't think -- of course, you can't predict where and in which asset class and in which particular moment you're going to see these types of fat tail events. But the framework recognizes in a range of ways that that's the case. And that's how we manage risk, and that's how we capitalize. Jamie Dimon -- Chairman and Chief Executive Officer So, we do CCAR once a year, as you guys see. But, you know, we actually run a hundred different various stress tests every week with extreme movements and things. You know, and that's what we do. And, you know, we're always -- you're a"
AMZN,"April 25, 2019, 5:30 p.m. ET",2019-Q1,"t this business. We're continuing to engage with many large customers globally. I'm particularly happy about the Volkswagen alliance that we've joined up with them to power their Volkswagen Industrial Cloud. That's going to integrate more than 30,000 facilities and 1,500 suppliers and partners in Volkswagen's global supply chain over time. We have deals going with Ford on powering the cars of the future, Lyft, GoGo, a lot of really good customer wins in the quarter. And I think just more broadly, we're seeing continued momentum in enterprise migrations to AWS and people are moving their workloads to AWS at a faster pace. Usage growth continues to be higher than revenue growth rates. Operator Our next question is from Mark May from Citi. You are now live. Mark May -- Citi -- Analyst Thank you. And actually a follow on to AWS. The growth clearly impressive, but we did see I think sequentially, and I apologize I'm not in front of the model, but I think the growth was somewhere 3%, 4% sequentially. There was a little bit of a slowdown in the quarter. Just wondered if there's anything that you'd call out there, pricing or any other factors that you could call out that may have contributed to that? And apologize, but another one-day shipping question here. In terms of the $800 million, just curious where that gets you to in terms of coverage of zip codes and SKUs? I assume right now this is a project that's in the US. Where that gets you from a coverage standpoint? And is this something that you expect to be a near to medium-term priority in some of your other developed markets, like the UK, Germany, et cetera? Thanks. Brian T. Olsavsky -- Senior Vice President and Chief Financial Officer Yeah. So I'm glad you asked that Mark. It's -- it is -- let me start with that second question. The program will be global. Most of the spend that we are seeing in Q2 is starting in North America, but this is intended to be a global improvement in speed tied to our Prime program. So you will see more going forward. I can't give you exact percentages of selection and all that, mainly because we are still again working through that. And we've -- while we have ratcheted up a significant -- we turned the dial significantly in April and so we'll see the cost impact almost immediately in the quarter. We're really going to have to see how it goes this quarter, both on our pace of selection addition and expansion of one-day and let you know probably at the end of the quarter. I would say in the short run, it's also expanding and increasing our speed on all of our orders quite frankly. On AWS revenue, let me just remind you that quarterly growth last year on an FX-neutral basis. So Q1 was 48%, then 49%, then 46% and 46%. So in the first half of the year, we have a tougher comp, if you will, versus some strong growth in the first half of last year. This is always going to be a lumpy business. It's not only dependent on us, it's also dependent on the companies that are adopting Amazon, so there's -- or excuse me, AWS. So there's a -- differences in sales cycles, there's differences in adoption of the cloud, there's differences in migration patterns that will make any quarter-to-quarter movements lumpy, as I said. So we're happy with the growth, 42% on an FX-neutral basis and again a $30 billion -- greater than $30 billion annualized run rate. Operator Our next question is from Heath Terry from Goldman Sachs. You are now live. Heath Terry -- Goldman Sachs -- Analyst Great. Thanks. I guess somewhat along those lines or at least along the lines of growth. We saw CapEx spending and investment in capital leases decelerate to the lowest rate that it's been in several years, maybe even the lowest rate ever. And you guys have said in the past that generally CapEx sort of tracks your investing at the level of growth that you expect. I'm sure that's not representative of what you expect growth to look like. So just trying to understand sort of where the disconnect is there and to the extent that your -- the level of investment in physical infrastructure says anyt"
JPM,"Oct 14, 2022, 8:30 a.m. ET",2022-Q3,"ncertainties that we know about today and in the future. Operator The next question is coming from the line of Jim Mitchell from Seaport Global Securities. Jim Mitchell -- Seaport Global Securities -- Analyst Jeremy, at the Investor Day, you noted that expense growth in '23 would slow from this year's level and might be slightly higher than consensus expectations at the time. So is that -- now that you get closer to next year, does that still hold? And if the economy does get worse than expected, is there some levers to pull? Or is it just still investing heavily regardless? Jeremy Barnum -- Chief Financial Officer Yes. Thanks, Jim. So broadly, yes, it still holds. No real change on the outlook. Just to remind everyone, at Investor Day, I think the consensus was 79.5 for 2023. We said you were a little low. I think it got revised up to sort of the 80.5 or something like that. And that's still -- that's not -- still roughly in the right ballpark. Obviously, we're going through our budget cycle. We're looking at the opportunity side and the environment set for next year. So it's not in stone. But broadly, on the question of investment, and I'm sure Jamie will agree here, that our investment decisions are very much through-the-cycle decisions. And so we're not going to tend to change those just because of a sort of difference in the short-term economic environment. Of course, the volume and revenue-related expense can fluctuate as a function of the environment, as you would expect. Jamie Dimon -- Chairman and Chief Executive Officer Now I would just like to add. Obviously, compensation go up or down dramatically. So you'll have different estimates about investment pacing revenues and markets revenues, and we can't really adjust for your numbers for that. But I just want to point out the other side of this, we're making heavy investments and we have among the best margins in the business. I think that's a very good thing. Jim Mitchell -- Seaport Global Securities -- Analyst Right. And maybe on that front, leverage loan, right? Were there any leverage loan write-downs this quarter? And is that -- and how do you -- is that market beginning to clear? Or are there still overhangs? Jamie Dimon -- Chairman and Chief Executive Officer There are no real levels of loan write-down this quarter, and that market isn't yet clear. Our share of it is very small. So we're very comfortable. Operator The next question is coming from the line of John McDonald from Autonomous. John McDonald -- Autonomous Research -- Analyst Jeremy, I wanted to ask about your EAR disclosures, what we call your rate sensitivity disclosures. They look a little different than peers. And when we look at the sensitivity to 100 basis points of higher rates beyond the forward curve, it looks like you're liability-sensitive. Can you give us some context of maybe the limitations of that disclosure and how we should put that in context of the assumptions behind it? Jeremy Barnum -- Chief Financial Officer Yes. Thanks, John. And I'd love to have a very long conversation with you about this, but I'm going to keep it short here. It's really all about lags. So as our disclosure says, we do not include the impact of reprice lags in our EAR calculation. So as a result of that, the entire calculation is based on modeled rates paid in the terminal state. As you well know, right now, we're in the middle of some very significant lags, which are affecting the numbers quite a bit and which we expect to persist for some time. So as a result of that, what I would expect in the near term is something quite similar to what we've experienced this year. As you know, this year, as rates have gone up, we've revised our NII outlook from 50 at the beginning of the year to now 61.5. So as we look forward in the near term from here, I would expect similar type sensitivities or rate fluctuations given the lag environment that we're in. John McDonald -- Autonomous Research -- Analyst And just to follow up on Jamie's comments about not annualizing the fourth quarter, is that where the risks lie to"
